"Mashup","Periode","Precision","API"
"Gawkk.com","2007/2009","1.5151515151515151","Facebook/Twitter"
"OMOM - Online Members On Map","2007/2009","33.333333333333336","Google Maps/Facebook"
"Claz","2007/2009","100.0","del.icio.us/Google Maps"
"VeeJay.tv","2007/2009","100.0","YouTube/Facebook"
"idiomag","2007/2009","27.77777777777778","Flickr/Amazon Product Advertising;Flickr/YouTube;Flickr/Last.fm;Flickr/Amazon S3;Flickr/FUTEF Wikipedia API;Amazon Product Advertising/YouTube;Amazon Product Advertising/Last.fm;Amazon Product Advertising/Amazon S3;YouTube/Last.fm;YouTube/Amazon S3"
"spy","2007/2009","33.333333333333336","Flickr/Twitter"
"AskJot","2007/2009","100.0","Flickr/Twitter"
"TubeGotChi Music Artists","2007/2009","33.333333333333336","YouTube/Last.fm"
"MapMyPage","2007/2009","0.0",
"Pixelpipe","2007/2009","10.989010989010989","Flickr/Blogger;Flickr/YouTube;Flickr/Smugmug;Flickr/23;Flickr/Facebook;Blogger/YouTube;Blogger/Facebook;YouTube/Facebook;Smugmug/Facebook;Box/Facebook"
"Beardscratchers Compendium","2007/2009","61.111111111111114","Flickr/Upcoming.org;Flickr/Amazon Product Advertising;Flickr/Eventful;Flickr/Yahoo Search;Flickr/YouTube;Flickr/Last.fm;Flickr/Twitter;Upcoming.org/YouTube;Upcoming.org/Last.fm;Upcoming.org/Twitter;Amazon Product Advertising/Yahoo Search;Amazon Product Advertising/YouTube;Amazon Product Advertising/Last.fm;Amazon Product Advertising/Twitter;Eventful/YouTube;Yahoo Search/YouTube;Yahoo Search/Twitter;YouTube/Last.fm;YouTube/MusicBrainz;YouTube/Twitter;Last.fm/MusicBrainz;Last.fm/Twitter"
"Gwannon.com","2007/2009",0,
"Marcellus","2007/2009","33.333333333333336","Amazon S3/Facebook;Facebook/Twitter"
"VoxPix","2007/2009","100.0","Flickr/Facebook"
"Twitter Top News Trends","2007/2009","0.0",
"Tixik.com Tourist Guide","2007/2009","100.0","Google Maps/Yahoo Maps;Google Maps/YouTube;Google Maps/GeoNames;Yahoo Maps/YouTube;Yahoo Maps/GeoNames;YouTube/GeoNames"
"SakMap","2007/2009","60.0","Flickr/Google Maps;Flickr/Microsoft Bing Maps;Flickr/YouTube;Google Maps/Microsoft Bing Maps;Google Maps/YouTube;Microsoft Bing Maps/YouTube"
"Interceder","2007/2009","33.333333333333336","Flickr/YouTube"
"E-junkie Shopping Cart","2007/2009","0.0",
"Swurl","2007/2009","66.66666666666667","Flickr/Amazon Product Advertising;Flickr/Blogger;Flickr/del.icio.us;Flickr/YouTube;Flickr/Last.fm;Flickr/Facebook;Flickr/Twitter;Amazon Product Advertising/del.icio.us;Amazon Product Advertising/YouTube;Amazon Product Advertising/Last.fm;Amazon Product Advertising/Facebook;Amazon Product Advertising/Twitter;Blogger/YouTube;Blogger/Facebook;del.icio.us/YouTube;del.icio.us/Last.fm;del.icio.us/Facebook;del.icio.us/Twitter;YouTube/Last.fm;YouTube/Facebook;YouTube/Twitter;Last.fm/Facebook;Last.fm/Twitter;Facebook/Twitter"
"TrustSaaS","2007/2009","0.0",
"Dvdz Review","2007/2009","66.66666666666667","Amazon Product Advertising/YouTube;Amazon Product Advertising/Commission Junction"
"Spot a Hotel","2007/2009","100.0","Flickr/Google Maps;Flickr/YouTube;Google Maps/YouTube"
"Muecs","2007/2009","66.66666666666667","Flickr/del.icio.us;Flickr/YouTube;Flickr/Last.fm;Flickr/Twitter;del.icio.us/YouTube;del.icio.us/Last.fm;del.icio.us/Twitter;YouTube/Last.fm;YouTube/Twitter;Last.fm/Twitter"
"ApiTickr","2007/2009","100.0","Flickr/del.icio.us;Flickr/YouTube;Flickr/Last.fm;Flickr/Twitter;del.icio.us/YouTube;del.icio.us/Last.fm;del.icio.us/Twitter;YouTube/Last.fm;YouTube/Twitter;Last.fm/Twitter"
"SpyTickr","2007/2009","100.0","Flickr/del.icio.us;Flickr/YouTube;Flickr/Twitter;del.icio.us/YouTube;del.icio.us/Twitter;YouTube/Twitter"
"Text Grinder","2007/2009","26.666666666666668","Yahoo Search/YouTube;Yahoo Search/Yahoo Term Extraction;Yahoo Search/Yahoo Image Search;YouTube/Yahoo Image Search"
"Posty","2007/2009",0,
"SmartTickr","2007/2009","100.0","Flickr/del.icio.us;Flickr/YouTube;Flickr/Last.fm;Flickr/Facebook;Flickr/Twitter;del.icio.us/YouTube;del.icio.us/Last.fm;del.icio.us/Facebook;del.icio.us/Twitter;YouTube/Last.fm;YouTube/Facebook;YouTube/Twitter;Last.fm/Facebook;Last.fm/Twitter;Facebook/Twitter"
"BuddyBlend","2007/2009","100.0","Flickr/del.icio.us;Flickr/Facebook;Flickr/Twitter;del.icio.us/Facebook;del.icio.us/Twitter;Facebook/Twitter"
"EggJax","2007/2009","33.333333333333336","Yahoo Maps/Yahoo Local Search"
"Oamos","2007/2009","100.0","Flickr/Technorati;Flickr/Yahoo Search;Technorati/Yahoo Search"
"Music.Podfire.org","2007/2009","33.333333333333336","Flickr/YouTube;Flickr/Last.fm;Flickr/Amazon S3;YouTube/Last.fm;YouTube/Amazon S3"
"endToo Search","2007/2009","100.0","YouTube/Yahoo Image Search"
"FOAFster","2007/2009","42.857142857142854","Upcoming.org/YouTube;Upcoming.org/Last.fm;Upcoming.org/Twitter;del.icio.us/YouTube;del.icio.us/Last.fm;del.icio.us/Twitter;YouTube/Last.fm;YouTube/Twitter;Last.fm/Twitter"
"Afrous Mashup Builder","2007/2009","100.0","Flickr/Amazon Product Advertising;Flickr/del.icio.us;Flickr/Google Maps;Flickr/YouTube;Flickr/Twitter;Amazon Product Advertising/del.icio.us;Amazon Product Advertising/Google Maps;Amazon Product Advertising/YouTube;Amazon Product Advertising/Twitter;del.icio.us/Google Maps;del.icio.us/YouTube;del.icio.us/Twitter;Google Maps/YouTube;Google Maps/Twitter;YouTube/Twitter"
"Mashup Keyword","2007/2009","47.61904761904762","Flickr/Eventful;Flickr/Yahoo Search;Flickr/YouTube;Flickr/Last.fm;Flickr/Yahoo Image Search;Eventful/YouTube;Yahoo Search/YouTube;Yahoo Search/Yahoo Image Search;YouTube/Last.fm;YouTube/Yahoo Image Search"
"MyNeighborhood.Com","2007/2009","66.66666666666667","Google Maps/USPS Track & Confirm;Google Maps/Zillow"
"eFanMusic","2007/2009","16.666666666666668","Eventful/YouTube"
"Inflo","2007/2009","10.0","Yahoo Search/Twitter"
"Learnit Lists","2007/2009","100.0","Google Homepage/Facebook"
"Sports Karma","2007/2009","30.0","Yahoo Search/Google AdSense;Yahoo Search/Commission Junction;Google AdSense/Commission Junction"
"Blog Ranking","2007/2009","26.666666666666668","FeedBurner/Technorati;FeedBurner/del.icio.us;Technorati/del.icio.us;del.icio.us/Twitter"
"Blog Juice","2007/2009","66.66666666666667","Flickr/Upcoming.org;Flickr/del.icio.us;Flickr/YouTube;Flickr/Last.fm;Flickr/Twitter;Upcoming.org/YouTube;Upcoming.org/Last.fm;Upcoming.org/Twitter;del.icio.us/YouTube;del.icio.us/Last.fm;del.icio.us/Twitter;YouTube/Last.fm;YouTube/Twitter;Last.fm/Twitter"
"Semantisize","2007/2009","33.333333333333336","Flickr/Upcoming.org;Flickr/Yahoo Search"
"SomPedia","2007/2009","100.0","Flickr/Technorati;Flickr/YouTube;Flickr/Last.fm;Technorati/YouTube;Technorati/Last.fm;YouTube/Last.fm"
"Whatsikat","2007/2009","80.0","Flickr/FeedBurner;Flickr/del.icio.us;Flickr/YouTube;Flickr/Yahoo Answers;FeedBurner/del.icio.us;FeedBurner/YouTube;del.icio.us/YouTube;YouTube/Yahoo Answers"
"Valuepia","2007/2009","100.0","Amazon Product Advertising/Yahoo Shopping;Amazon Product Advertising/Shopping.com;Yahoo Shopping/Shopping.com"
"Docoloco","2007/2009","40.0","Blogger/Facebook;Google Maps/Facebook;Google Maps/Twitter;Facebook/Twitter"
"SAVEonAtoZ.com","2007/2009","50.0","Amazon Product Advertising/Google AdSense;Amazon Product Advertising/Commission Junction;Google AdSense/Commission Junction"
"Netvibez","2007/2009","100.0","Flickr/YouTube;Flickr/Facebook;YouTube/Facebook"
"Find","2007/2009","100.0","Flickr/Yahoo Search;Flickr/YouTube;Flickr/Yahoo Image Search;Yahoo Search/YouTube;Yahoo Search/Yahoo Image Search;YouTube/Yahoo Image Search"
"Quarkshop","2007/2009","100.0","Amazon Product Advertising/Yahoo Shopping;Amazon Product Advertising/Shopping.com;Yahoo Shopping/Shopping.com"
"Web 2.0 Announcer","2007/2009","33.333333333333336","del.icio.us/Ma.gnolia"
"Vimasic","2007/2009","100.0","Flickr/Amazon Product Advertising;Flickr/Google Maps;Flickr/YouTube;Amazon Product Advertising/Google Maps;Amazon Product Advertising/YouTube;Google Maps/YouTube"
"CribQ Rental Housing Dashboard","2007/2009","33.333333333333336","Google Maps/Microsoft Bing Maps;Google Maps/Amazon S3"
"Ooyala","2007/2009","0.0",
"BigSity","2007/2009","66.66666666666667","Google Maps/YouTube;Google Maps/Zvents;Google Maps/Yahoo Local Search;YouTube/Yahoo Local Search"
"Contoso University","2007/2009","0.0",
"Trip Organizer","2007/2009","53.333333333333336","Flickr/Google Maps;Flickr/Yahoo Maps;Flickr/GeoNames;Flickr/FUTEF Wikipedia API;Google Maps/Yahoo Maps;Google Maps/hostip.info;Google Maps/GeoNames;Yahoo Maps/GeoNames"
"Toronto Buddhism","2007/2009","30.0","Flickr/FeedBurner;Flickr/YouTube;FeedBurner/YouTube"
"WeoGeo","2007/2009","0.0",
"Pixoble","2007/2009","66.66666666666667","Flickr/YouTube;Flickr/Yahoo Image Search;YouTube/Yahoo Image Search;YouTube/LiveVideo"
"LoreStorm","2007/2009","100.0","Flickr/Yahoo Search;Flickr/YouTube;Flickr/Yahoo Image Search;Yahoo Search/YouTube;Yahoo Search/Yahoo Image Search;YouTube/Yahoo Image Search"
"Zoogle IN","2007/2009","80.0","Flickr/Amazon Product Advertising;Flickr/del.icio.us;Flickr/Yahoo Search;Flickr/YouTube;Amazon Product Advertising/del.icio.us;Amazon Product Advertising/Yahoo Search;Amazon Product Advertising/YouTube;del.icio.us/Yahoo Search;del.icio.us/YouTube;del.icio.us/Microsoft Bing;Yahoo Search/YouTube;Yahoo Search/Microsoft Bing"
"Mappington","2007/2009","43.93939393939394","Flickr/Technorati;Flickr/Eventful;Flickr/Google Maps;Flickr/Microsoft Bing Maps;Flickr/Yahoo Maps;Flickr/YouTube;Flickr/GeoNames;Flickr/Yahoo Answers;Technorati/Google Maps;Technorati/YouTube;Eventful/Google Maps;Eventful/YouTube;Google Maps/Microsoft Bing Maps;Google Maps/Yahoo Maps;Google Maps/YouTube;Google Maps/Yahoo Traffic;Google Maps/Yahoo Local Search;Google Maps/GeoNames;Google Maps/Yahoo Answers;Microsoft Bing Maps/Yahoo Maps;Microsoft Bing Maps/YouTube;Microsoft Bing Maps/GeoNames;Yahoo Maps/YouTube;Yahoo Maps/Yahoo Local Search;Yahoo Maps/GeoNames;YouTube/Yahoo Local Search;YouTube/GeoNames;YouTube/Yahoo Answers;Yahoo Traffic/GeoNames"
"GoMojo","2007/2009","100.0","Flickr/Technorati;Flickr/Amazon Product Advertising;Flickr/Google Maps;Flickr/YouTube;Technorati/Amazon Product Advertising;Technorati/Google Maps;Technorati/YouTube;Amazon Product Advertising/Google Maps;Amazon Product Advertising/YouTube;Google Maps/YouTube"
"The Campus Atlas","2007/2009","83.33333333333333","Amazon Product Advertising/Google Maps;Amazon Product Advertising/Google AdSense;Amazon Product Advertising/Facebook;Google Maps/Google AdSense;Google Maps/Facebook"
"Peppers and Pollywogs","2007/2009","30.0","Google Maps/Yahoo Local Search;Google Maps/Google Calendar;Google Maps/Facebook"
"Backtags Social Ranking","2007/2009","0.0",
"Real Estate Home Valuation","2007/2009","16.666666666666668","Yahoo Traffic/GeoNames"
"Used Cars","2007/2009","50.0","Google Maps/YouTube;Google Maps/Yahoo Map Image;Google Maps/Vast"
"VirtualTraveller","2007/2009","66.66666666666667","Flickr/Google Maps;Flickr/YouTube;Flickr/GeoNames;Flickr/Google AdSense;Google Maps/YouTube;Google Maps/NOAA National Weather Service (NWS);Google Maps/GeoNames;Google Maps/Google AdSense;YouTube/GeoNames;YouTube/Google AdSense"
"Enrich","2007/2009","53.333333333333336","Flickr/Amazon Product Advertising;Flickr/Blogger;Flickr/Yahoo Search;Flickr/YouTube;Amazon Product Advertising/Yahoo Search;Amazon Product Advertising/YouTube;Blogger/YouTube;Yahoo Search/YouTube"
"ongmap","2007/2009","73.33333333333333","Flickr/Eventful;Flickr/Google Maps;Flickr/Microsoft Bing Maps;Flickr/YouTube;Eventful/Google Maps;Eventful/YouTube;Google Maps/Microsoft Bing Maps;Google Maps/YouTube;Google Maps/Yahoo Local Search;Microsoft Bing Maps/YouTube;YouTube/Yahoo Local Search"
"Spicy Pipes Creative Mashups","2007/2009","19.444444444444443","Flickr/Google Maps;Flickr/23;Flickr/Amazon S3;Flickr/Yahoo Answers;Google AdWords/Google Maps;Google Maps/Amazon S3;Google Maps/Yahoo Answers"
"Pleo HQ","2007/2009","100.0","Flickr/Technorati;Flickr/Amazon Product Advertising;Flickr/del.icio.us;Flickr/YouTube;Technorati/Amazon Product Advertising;Technorati/del.icio.us;Technorati/YouTube;Amazon Product Advertising/del.icio.us;Amazon Product Advertising/YouTube;del.icio.us/YouTube"
"MoreMap","2007/2009","40.0","FedEx/USPS Track & Confirm;Google Maps/NOAA National Weather Service (NWS);Google Maps/Yahoo Traffic;Google Maps/USPS Track & Confirm"
"Molu The Search Spider Places","2007/2009","40.0","Flickr/Yahoo Maps;Flickr/YouTube;Flickr/FUTEF Wikipedia API;Yahoo Maps/YouTube"
"Autopendium","2007/2009","85.71428571428571","Flickr/Amazon Product Advertising;Flickr/Google Maps;Flickr/YouTube;Flickr/Amazon S3;Flickr/Yahoo Answers;Flickr/Facebook;Amazon Product Advertising/Google Maps;Amazon Product Advertising/YouTube;Amazon Product Advertising/Amazon S3;Amazon Product Advertising/Facebook;Google Maps/YouTube;Google Maps/Amazon S3;Google Maps/Yahoo Answers;Google Maps/Facebook;YouTube/Amazon S3;YouTube/Yahoo Answers;YouTube/Facebook;Amazon S3/Facebook"
"utrecht Music Video Search","2007/2009","80.0","Flickr/Amazon Product Advertising;Flickr/YouTube;Flickr/Last.fm;Amazon Product Advertising/YouTube;Amazon Product Advertising/Last.fm;YouTube/Last.fm;YouTube/MusicBrainz;Last.fm/MusicBrainz"
"alasuka.com","2007/2009","100.0","Flickr/YouTube;Flickr/Yahoo Image Search;YouTube/Yahoo Image Search"
"FireUploader","2007/2009","40.0","Flickr/YouTube;Flickr/Smugmug;Flickr/Facebook;YouTube/Facebook;Smugmug/Facebook;Box/Facebook"
"ImmoPlaza","2007/2009","100.0","Flickr/Google Maps;Flickr/YouTube;Flickr/Google AdSense;Google Maps/YouTube;Google Maps/Google AdSense;YouTube/Google AdSense"
"preciseTechnology","2007/2009","7.6923076923076925","FeedBurner/Technorati;Technorati/Yahoo Search;NewsGator/Netvibes;Yahoo Search/Yahoo Image Search;Yahoo Search/Google AdSense;Yahoo Search/Commission Junction;Google AdSense/Commission Junction"
"preciseNews","2007/2009","7.6923076923076925","FeedBurner/Technorati;Technorati/Yahoo Search;NewsGator/Netvibes;Yahoo Search/Google AdSense;Yahoo Search/Commission Junction;Google AdSense/Commission Junction"
"Junk Depot","2007/2009","20.0","Google Maps/GeoNames;Google Maps/Vast"
"Best Beauty Search","2007/2009","16.666666666666668","Google AdWords/Google AdSense"
"Domain Info Script","2007/2009","100.0","del.icio.us/Yahoo Search;del.icio.us/Microsoft Bing;Yahoo Search/Microsoft Bing"
"Livecontacts","2007/2009","33.333333333333336","Google Maps/Microsoft Bing Maps;Microsoft MapPoint/Microsoft Bing Maps"
"Webjam","2007/2009","50.90909090909091","Flickr/FeedBurner;Flickr/Technorati;Flickr/del.icio.us;Flickr/Google Maps;Flickr/Yahoo Search;Flickr/YouTube;Flickr/Amazon S3;Flickr/Google AdSense;FeedBurner/Technorati;FeedBurner/del.icio.us;FeedBurner/YouTube;BBC/Google Maps;Technorati/del.icio.us;Technorati/Google Maps;Technorati/Yahoo Search;Technorati/YouTube;del.icio.us/Google Maps;del.icio.us/Yahoo Search;del.icio.us/YouTube;Google AdWords/Google Maps;Google AdWords/Google AdSense;Google Maps/YouTube;Google Maps/Amazon S3;Google Maps/Google AdSense;Yahoo Search/YouTube;Yahoo Search/Google AdSense;YouTube/Amazon S3;YouTube/Google AdSense"
"WipBox","2007/2009","10.0","Amazon Product Advertising/Amazon S3"
"BounceBase","2007/2009","22.22222222222222","Technorati/Amazon Product Advertising;Technorati/del.icio.us;Technorati/YouTube;Amazon Product Advertising/del.icio.us;Amazon Product Advertising/Yahoo Shopping;Amazon Product Advertising/YouTube;Amazon Product Advertising/Commission Junction;del.icio.us/YouTube"
"Gruvr","2007/2009","33.333333333333336","Google Maps/Facebook"
"MyPunchbowl.com","2007/2009","50.0","Flickr/Google Maps;Flickr/YouTube;Google Maps/YouTube"
"Molu the Search Spider - Beta","2007/2009","9.523809523809524","Yahoo Search/Yahoo Term Extraction;Yahoo Search/Yahoo Image Search"
"Hawkee Technology Network","2007/2009","66.66666666666667","Amazon Product Advertising/Facebook;Amazon Product Advertising/Commission Junction;Amazon Product Advertising/Twitter;Facebook/Twitter"
"AuctionSound","2007/2009","7.142857142857143","FedEx/UPS Shipping;FedEx/USPS Track & Confirm"
"People Lookup","2009/2011","50.0","Facebook/Twitter;Facebook/LinkedIn;Facebook/Wikipedia;Twitter/LinkedIn;Twitter/Wikipedia"
"TVFoodMaps","2009/2011","100.0","Google Maps/YouTube;Google Maps/Google AdSense;Google Maps/Google Static Maps;YouTube/Google AdSense;YouTube/Google Static Maps;Google AdSense/Google Static Maps"
"Whad ;da ;do","2009/2011","100.0","Flickr/YouTube;Flickr/Facebook;Flickr/Twitter;Flickr/Yelp Fusion;YouTube/Facebook;YouTube/Twitter;YouTube/Yelp Fusion;Facebook/Twitter;Facebook/Yelp Fusion;Twitter/Yelp Fusion"
"Musikki","2009/2011","100.0","Flickr/Amazon Product Advertising;Flickr/Google Maps;Flickr/YouTube;Flickr/Last.fm;Flickr/Twitter;Amazon Product Advertising/Google Maps;Amazon Product Advertising/YouTube;Amazon Product Advertising/Last.fm;Amazon Product Advertising/Twitter;Google Maps/YouTube;Google Maps/Last.fm;Google Maps/Twitter;YouTube/Last.fm;YouTube/Twitter;Last.fm/Twitter"
"fflap","2009/2011","100.0","PayPal/Facebook;PayPal/Twitter;Facebook/Twitter"
"Jopedia - Supreme Encyclopedia","2009/2011","100.0","Flickr/YouTube;Flickr/Twitter;Flickr/Wikipedia;YouTube/Twitter;YouTube/Wikipedia;Twitter/Wikipedia"
"PopWatchers","2009/2011",0,
"Breadcrumbs GPS Track Management","2009/2011","83.33333333333333","Google Maps/Amazon S3;Google Maps/Facebook;Google Maps/Google Earth;Amazon S3/Facebook;Facebook/Google Earth"
"SEO Site Comparison","2009/2011","16.666666666666668","Alexa Web Information Service/Compete"
"Music Anchor","2009/2011","83.33333333333333","Amazon Product Advertising/YouTube;Amazon Product Advertising/Last.fm;YouTube/Last.fm;YouTube/MusicBrainz;Last.fm/MusicBrainz"
"Stadtkinder","2009/2011","100.0","Google Maps/Facebook;Google Maps/Twitter;Google Maps/Google Gears Geolocation;Facebook/Twitter;Facebook/Google Gears Geolocation;Twitter/Google Gears Geolocation"
"Take Kerala (India)","2009/2011","100.0","Flickr/Google Maps;Flickr/YouTube;Flickr/Facebook;Flickr/Panoramio;Flickr/Wikipedia;Google Maps/YouTube;Google Maps/Facebook;Google Maps/Panoramio;Google Maps/Wikipedia;YouTube/Facebook;YouTube/Panoramio;YouTube/Wikipedia;Facebook/Panoramio;Facebook/Wikipedia;Panoramio/Wikipedia"
"Roomshare Japan","2009/2011","33.333333333333336","Amazon S3/Twitter"
"CD Collection Browser","2009/2011","83.33333333333333","Last.fm/MusicBrainz;Last.fm/Facebook;Last.fm/Twitter;MusicBrainz/Facebook;Facebook/Twitter"
"I Drank This","2009/2011","33.333333333333336","Twitter/TweetPhoto"
"flickstr","2009/2011","100.0","Flickr/Google AdSense"
"Cahella","2009/2011","100.0","Flickr/Google Maps;Flickr/Google AdSense;Flickr/Panoramio;Google Maps/Google AdSense;Google Maps/Panoramio;Google AdSense/Panoramio"
"Audi 411","2009/2011","100.0","Flickr/YouTube;Flickr/Facebook;Flickr/Twitter;YouTube/Facebook;YouTube/Twitter;Facebook/Twitter"
"Lost and Found Pets Ireland","2009/2011","50.0","Flickr/Google Maps;Flickr/Facebook;Flickr/Twitter;Flickr/Bebo;Flickr/MySpace;Google Maps/Google Homepage;Google Maps/Facebook;Google Maps/Twitter;Google Homepage/Facebook;Facebook/Twitter;Facebook/MySpace;Twitter/Bebo;Twitter/MySpace;Bebo/MySpace"
"GovIntegrator","2009/2011","100.0","Google Maps/geocoder"
"MeechMe","2009/2011","51.515151515151516","Flickr/Google Maps;Flickr/YouTube;Flickr/Facebook;Flickr/Twitter;Flickr/Digg;Flickr/LinkedIn;Flickr/Bebo;Flickr/MySpace;Flickr/Photobucket;Google Maps/YouTube;Google Maps/Facebook;Google Maps/Twitter;Google Maps/LinkedIn;YouTube/Facebook;YouTube/Twitter;YouTube/Digg;YouTube/LinkedIn;YouTube/MySpace;Facebook/Twitter;Facebook/Digg;Facebook/Friendster;Facebook/LinkedIn;Facebook/MySpace;Twitter/Digg;Twitter/LinkedIn;Twitter/Bebo;Twitter/MySpace;Twitter/TweetPhoto;Digg/LinkedIn;Digg/MySpace;Friendster/LinkedIn;Friendster/MySpace;LinkedIn/MySpace;Bebo/MySpace"
"SwoopThat","2009/2011","40.0","Amazon Product Advertising/Google AdWords;Amazon Product Advertising/Google Maps;Amazon Product Advertising/Google AdSense;Google AdWords/Google Maps;Google AdWords/Google AdSense;Google Maps/Google AdSense"
"The TurnSocial bar","2009/2011","66.66666666666667","Flickr/YouTube;Flickr/Facebook;Flickr/Twitter;Flickr/Yelp Fusion;Flickr/MySpace;YouTube/Facebook;YouTube/Twitter;YouTube/Yelp Fusion;YouTube/MySpace;Facebook/Twitter;Facebook/Yelp Fusion;Facebook/MySpace;Twitter/Yelp Fusion;Twitter/MySpace"
"OfferTrack","2009/2011","0.0",
"CartoLogic Google Maps Demo","2009/2011","100.0","Flickr/Google Maps;Flickr/YouTube;Flickr/Twitter;Flickr/Yelp Fusion;Flickr/Weather Channel;Flickr/Wikipedia;Google Maps/YouTube;Google Maps/Twitter;Google Maps/Yelp Fusion;Google Maps/Weather Channel;Google Maps/Wikipedia;YouTube/Twitter;YouTube/Yelp Fusion;YouTube/Weather Channel;YouTube/Wikipedia;Twitter/Yelp Fusion;Twitter/Weather Channel;Twitter/Wikipedia;Yelp Fusion/Weather Channel;Yelp Fusion/Wikipedia;Weather Channel/Wikipedia"
"CartoLogic OpenLayers Demo","2009/2011","76.19047619047619","Flickr/YouTube;Flickr/Twitter;Flickr/Yelp Fusion;Flickr/Weather Channel;Flickr/Wikipedia;YouTube/Twitter;YouTube/Yelp Fusion;YouTube/Weather Channel;YouTube/Wikipedia;OpenLayers/Twitter;Twitter/Yelp Fusion;Twitter/Weather Channel;Twitter/Wikipedia;Yelp Fusion/Weather Channel;Yelp Fusion/Wikipedia;Weather Channel/Wikipedia"
"CartoLogic Google Earth Demo","2009/2011","90.47619047619048","Flickr/YouTube;Flickr/Twitter;Flickr/Yelp Fusion;Flickr/Weather Channel;Flickr/Google Earth;Flickr/Wikipedia;YouTube/Twitter;YouTube/Yelp Fusion;YouTube/Weather Channel;YouTube/Google Earth;YouTube/Wikipedia;Twitter/Yelp Fusion;Twitter/Weather Channel;Twitter/Google Earth;Twitter/Wikipedia;Yelp Fusion/Weather Channel;Yelp Fusion/Google Earth;Yelp Fusion/Wikipedia;Weather Channel/Wikipedia"
"iTrackmine.com","2009/2011","33.333333333333336","Amazon S3/Facebook;Amazon S3/Twitter;Facebook/Twitter;Facebook/FriendFeed;Facebook/Bit.ly;Twitter/FriendFeed;Twitter/Bit.ly"
"MeetSomewhere","2009/2011","100.0","Google Maps/Panoramio;Google Maps/Google Static Maps;Google Maps/Google Webmaster Tools;Panoramio/Google Static Maps;Panoramio/Google Webmaster Tools;Google Static Maps/Google Webmaster Tools"
"Localliser","2009/2011","61.904761904761905","Eventful/Google Maps;Eventful/Twitter;Eventful/Panoramio;Eventful/Yelp Fusion;Google Maps/Twitter;Google Maps/Panoramio;Google Maps/Yelp Fusion;Google Maps/Google Earth;Twitter/Panoramio;Twitter/Yelp Fusion;Twitter/Google Earth;Panoramio/Google Earth;Yelp Fusion/Google Earth"
"StoreSlider.com","2009/2011",0,
"Veeeb Semantic Editor","2009/2011","30.0","Flickr/Amazon Product Advertising;Flickr/YouTube;Amazon Product Advertising/YouTube"
"NiteFly: The Future of Nightlife","2009/2011","100.0","Google Maps/Facebook;Google Maps/Twitter;Google Maps/Yelp Fusion;Facebook/Twitter;Facebook/Yelp Fusion;Twitter/Yelp Fusion"
"Brownstoner Marketplace","2009/2011","16.666666666666668","Google Maps/Amazon S3"
"Find PDF eBooks","2009/2011","0.0",
"Yapeo video classifieds","2009/2011","50.0","Facebook/Twitter;Facebook/Digg;Twitter/Digg"
"spiggler: Tweets on Streets","2009/2011","100.0","Google Maps/Facebook;Google Maps/Twitter;Facebook/Twitter"
"Distance Calculator entfernung.org","2009/2011","40.0","Amazon Product Advertising/Google Maps;Google Maps/GeoNames;Google Maps/Google App Engine;GeoNames/Google App Engine"
"Banfield Flea Fighter","2009/2011","0.0",
"California Environment Report: Cleanup Sites and Permitted Facilities","2009/2011","100.0","Google Maps/Google Static Maps;Google Maps/Google Earth;Google Static Maps/Google Earth"
"G4ng","2009/2011","37.362637362637365","Google Maps/OpenStreetMap;Google Maps/GeoNames;Google Maps/OpenLayers;Google Maps/Facebook;Google Maps/Twitter;Google Maps/Panoramio;Google Maps/Weather Channel;Google Maps/Google Cloud Translation;Google Maps/Google Static Maps;Google Maps/Google Visualization;Google Maps/Google Earth;Google Maps/Google Gears Geolocation;OpenStreetMap/Twitter;GeoNames/Twitter;GeoNames/Panoramio;GeoNames/Weather Channel;GeoNames/Google Static Maps;OpenLayers/Twitter;Facebook/Twitter;Facebook/Panoramio;Facebook/Weather Channel;Facebook/Google Earth;Facebook/Google Gears Geolocation;Twitter/Panoramio;Twitter/Weather Channel;Twitter/Google Cloud Translation;Twitter/Google Static Maps;Twitter/Google Visualization;Twitter/Google Earth;Twitter/Google Gears Geolocation;Panoramio/Google Static Maps;Panoramio/Google Earth;Panoramio/Google Gears Geolocation;Google Static Maps/Google Earth"
"PicWash Photo Retouch Service","2009/2011","30.0","Flickr/Facebook;Flickr/Google Picasa;Flickr/Photobucket"
"TinkOMatic","2009/2011","33.333333333333336","Facebook/Twitter"
"Local Neighborhood Explorer","2009/2011","66.66666666666667","Google Maps/Yahoo Local Search;Google Maps/Twitter"
"Audiggle","2009/2011","100.0","YouTube/Last.fm"
"MSHT3","2009/2011","33.333333333333336","Google Maps/Yahoo Query Language"
"44tips - your visual start page","2009/2011","66.66666666666667","Flickr/del.icio.us;Flickr/YouTube;Flickr/Last.fm;Flickr/Facebook;Flickr/Twitter;Flickr/LinkedIn;Flickr/Hyves;del.icio.us/YouTube;del.icio.us/Facebook;del.icio.us/Twitter;YouTube/Last.fm;YouTube/Facebook;YouTube/Twitter;YouTube/LinkedIn;Last.fm/Facebook;Last.fm/Twitter;Last.fm/LinkedIn;Last.fm/Hyves;Facebook/Twitter;Facebook/LinkedIn;Facebook/Hyves;Twitter/LinkedIn;Twitter/Hyves;LinkedIn/Hyves"
"Geolover","2009/2011","100.0","Flickr/Google Maps;Flickr/YouTube;Flickr/Twitter;Flickr/Google Static Maps;Google Maps/YouTube;Google Maps/Twitter;Google Maps/Google Static Maps;YouTube/Twitter;YouTube/Google Static Maps;Twitter/Google Static Maps"
"Furthere, Your Twitter Driven Weblog","2009/2011","22.22222222222222","Flickr/YouTube;Flickr/Twitter;Flickr/Vimeo;YouTube/Twitter;YouTube/Vimeo;Twitter/Google Cloud Translation;Twitter/Vimeo;Twitter/TweetPhoto"
"Pictarine","2009/2011","40.0","Flickr/Facebook;Flickr/Google Picasa;Flickr/Google App Engine;Facebook/Google App Engine"
"Streamd.in","2009/2011","83.33333333333333","Google Maps/Twitter;Google Maps/Bit.ly;Google Maps/Google Gears Geolocation;Twitter/Bit.ly;Twitter/Google Gears Geolocation"
"Techweet","2009/2011","100.0","Twitter/Wikipedia"
"MovieDNA","2009/2011","66.66666666666667","YouTube/Yahoo Image Search;YouTube/Facebook;YouTube/Twitter;YouTube/Mobypicture;YouTube/Google App Engine;Yahoo Image Search/Twitter;Facebook/Twitter;Facebook/Google App Engine;Twitter/Mobypicture;Twitter/Google App Engine"
"Golfersfield","2009/2011","83.33333333333333","Google Maps/Facebook;Google Maps/Twitter;Google Maps/Google Static Maps;Facebook/Twitter;Twitter/Google Static Maps"
"Twimply","2009/2011","50.0","del.icio.us/Twitter;Twitter/Mobypicture;Twitter/TweetPhoto"
"BlockWild","2009/2011","80.0","Upcoming.org/Google Maps;Upcoming.org/Yelp Fusion;Google Maps/Facebook;Google Maps/Twitter;Google Maps/Yelp Fusion;Facebook/Twitter;Facebook/Yelp Fusion;Twitter/Yelp Fusion"
"Mobbler","2009/2011","100.0","Google Maps/Last.fm;Google Maps/Twitter;Google Maps/Bit.ly;Last.fm/Twitter;Last.fm/Bit.ly;Twitter/Bit.ly"
"Yamusica","2009/2011","100.0","Google Maps/Last.fm;Google Maps/GeoNames;Last.fm/GeoNames"
"Transmeet.Tv MusicMap","2009/2011","57.77777777777778","Flickr/Amazon Product Advertising;Flickr/Google Maps;Flickr/YouTube;Flickr/Last.fm;Flickr/Amazon S3;Flickr/Google AdSense;Flickr/Facebook;Flickr/Google Maps Flash;Amazon Product Advertising/Google Maps;Amazon Product Advertising/YouTube;Amazon Product Advertising/Last.fm;Amazon Product Advertising/Google AdSense;Amazon Product Advertising/Facebook;Google Maps/YouTube;Google Maps/Last.fm;Google Maps/Amazon S3;Google Maps/Google AdSense;Google Maps/Facebook;Google Maps/Google Maps Flash;YouTube/Last.fm;YouTube/Google AdSense;YouTube/Facebook;YouTube/Google Maps Flash;Last.fm/Facebook;Amazon S3/Google AdSense;Amazon S3/Facebook"
"PlaceMix","2009/2011","60.0","Flickr/Google Maps;Flickr/Yahoo Search;Flickr/YouTube;Flickr/GeoNames;Flickr/Facebook;Flickr/Yelp Fusion;Flickr/Weather Channel;Flickr/Wikipedia;Upcoming.org/Google Maps;Upcoming.org/Yelp Fusion;Google Maps/Yahoo Search;Google Maps/YouTube;Google Maps/GeoNames;Google Maps/Facebook;Google Maps/Yelp Fusion;Google Maps/Weather Channel;Google Maps/Wikipedia;Yahoo Search/YouTube;Yahoo Search/Facebook;Yahoo Search/Wikipedia;YouTube/GeoNames;YouTube/Facebook;YouTube/Yelp Fusion;YouTube/Weather Channel;YouTube/Wikipedia;GeoNames/Weather Channel;GeoNames/Wikipedia;Facebook/Yelp Fusion;Facebook/Weather Channel;Facebook/Wikipedia;Yelp Fusion/Weather Channel;Yelp Fusion/Wikipedia;Weather Channel/Wikipedia"
"PetStew.com","2009/2011","85.71428571428571","Flickr/Amazon Product Advertising;Flickr/Google Maps;Flickr/YouTube;Flickr/Google AdSense;Flickr/Twitter;Amazon Product Advertising/Google Maps;Amazon Product Advertising/YouTube;Amazon Product Advertising/Google AdSense;Amazon Product Advertising/Twitter;Google Maps/YouTube;Google Maps/Google AdSense;Google Maps/Twitter;Google Maps/Oodle;YouTube/Google AdSense;YouTube/Twitter;YouTube/Oodle;Google AdSense/Twitter;Google AdSense/Oodle"
"SongDNA","2009/2011","35.714285714285715","YouTube/Yahoo Image Search;YouTube/MusicBrainz;YouTube/Facebook;YouTube/Twitter;YouTube/Mobypicture;Yahoo Image Search/Twitter;MusicBrainz/Facebook;MusicBrainz/BBC Music;Facebook/Twitter;Twitter/Mobypicture"
"Mashup Arts","2009/2011","43.93939393939394","Flickr/del.icio.us;Flickr/YouTube;Flickr/Amazon S3;Flickr/Google AdSense;Flickr/Facebook;Flickr/Twitter;Flickr/Google Picasa;Flickr/Digg;Flickr/MySpace;del.icio.us/YouTube;del.icio.us/Facebook;del.icio.us/Twitter;del.icio.us/Digg;YouTube/Google AdSense;YouTube/Facebook;YouTube/Twitter;YouTube/Google Picasa;YouTube/Digg;YouTube/MySpace;Amazon S3/Google AdSense;Amazon S3/Facebook;Amazon S3/Twitter;Google AdSense/Twitter;Facebook/Twitter;Facebook/Digg;Facebook/MySpace;Twitter/Digg;Twitter/MySpace;Digg/MySpace"
"FindBoo","2009/2011","100.0","YouTube/Last.fm"
"Siri - Your Virtual Personal Assistant","2009/2011","14.285714285714286","Eventful/Google Maps;Eventful/Yelp Fusion;Google Maps/Yahoo Local Search;Google Maps/Yelp Fusion"
"Konsrtr.com","2009/2011","100.0","YouTube/Last.fm"
"Rutamina","2009/2011","40.0","Google Maps/GeoNames;Google Maps/Google AdSense;Google Maps/Facebook;GeoNames/Google AdSense"
"WooRank","2009/2011","20.0","Google Maps/Google Cloud Translation;Alexa Web Information Service/Compete"
"mapMyflickr","2009/2011","100.0","Flickr/Google Maps;Flickr/Google AdSense;Flickr/Google Earth;Google Maps/Google AdSense;Google Maps/Google Earth;Google AdSense/Google Earth"
"Music Cloud for Android & iPhone","2009/2011","83.33333333333333","YouTube/Last.fm;YouTube/MusicBrainz;YouTube/Google App Engine;Last.fm/MusicBrainz;Last.fm/Google App Engine"
"YouLyrics","2009/2011","66.66666666666667","YouTube/Last.fm;YouTube/Facebook;Last.fm/Facebook;Google Homepage/Facebook"
"Sumavisos Clasificados","2009/2011","33.333333333333336","Google Maps/GeoNames;Google Maps/Google AdSense;Google Maps/LinkedIn;Google Maps/Google App Engine;GeoNames/Google AdSense;GeoNames/Google App Engine;Google App Engine/Google Wave"
"FbFriendFinder.com","2009/2011","20.87912087912088","Flickr/Last.fm;Flickr/Twitter;Flickr/Digg;Flickr/LinkedIn;Flickr/Bebo;Flickr/MySpace;PayPal/Twitter;Last.fm/Twitter;Last.fm/Digg;Last.fm/LinkedIn;Twitter/Digg;Twitter/LinkedIn;Twitter/Bebo;Twitter/MySpace;Twitter/Mobypicture;Digg/LinkedIn;Digg/MySpace;LinkedIn/MySpace;Bebo/MySpace"
"Slandr Mobile Twitter","2009/2011","50.0","Last.fm/Twitter;Twitter/Mobypicture;Twitter/TwitterCounter"
"Lowlands Mashup","2009/2011","64.28571428571429","Flickr/Technorati;Flickr/Google Maps;Flickr/YouTube;Flickr/Twitter;Flickr/Google Picasa;Flickr/Vimeo;Technorati/YouTube;Technorati/Twitter;Google Maps/YouTube;Google Maps/Twitter;Google Maps/Google Picasa;Google Maps/Vimeo;YouTube/Twitter;YouTube/Google Picasa;YouTube/Vimeo;YouTube/Mobypicture;Twitter/Vimeo;Twitter/Mobypicture"
"Sociotoco Search","2009/2011","23.333333333333332","Flickr/Yahoo Search;Flickr/YouTube;Flickr/Last.fm;Flickr/Facebook;Flickr/Twitter;Flickr/Digg;Flickr/Vimeo;Flickr/LinkedIn;Flickr/MySpace;Flickr/FriendFeed;Flickr/Hyves;Blogger/Twitter;Yahoo Search/YouTube;Yahoo Search/Facebook;Yahoo Search/Twitter;Yahoo Search/Digg;Yahoo Search/FriendFeed;YouTube/Last.fm;YouTube/Facebook;YouTube/Twitter;YouTube/Digg;YouTube/Vimeo;YouTube/LinkedIn;YouTube/MySpace;YouTube/FriendFeed;Last.fm/Facebook;Last.fm/Twitter;Last.fm/Digg;Last.fm/LinkedIn;Last.fm/Hyves;Facebook/Twitter;Facebook/Digg;Facebook/Friendster;Facebook/LinkedIn;Facebook/MySpace;Facebook/FriendFeed;Facebook/Hyves;Twitter/Digg;Twitter/Vimeo;Twitter/LinkedIn;Twitter/MySpace;Twitter/FriendFeed;Twitter/Hyves;Digg/LinkedIn;Digg/MySpace;Friendster/LinkedIn;Friendster/MySpace;LinkedIn/MySpace;LinkedIn/Hyves"
"WeGooo","2009/2011","49.09090909090909","Flickr/Eventful;Flickr/Google Maps;Flickr/Last.fm;Flickr/GeoNames;Flickr/Facebook;Flickr/Twitter;Flickr/Wikipedia;Eventful/Google Maps;Eventful/GeoNames;Eventful/Twitter;Eventful/Wikipedia;Google Maps/Last.fm;Google Maps/OpenStreetMap;Google Maps/GeoNames;Google Maps/Facebook;Google Maps/Twitter;Google Maps/Wikipedia;Last.fm/GeoNames;Last.fm/Facebook;Last.fm/Twitter;Last.fm/Wikipedia;OpenStreetMap/Twitter;GeoNames/Twitter;GeoNames/Wikipedia;Facebook/Twitter;Facebook/Wikipedia;Twitter/Wikipedia"
"Trends Buzz","2009/2011","71.42857142857143","Flickr/Amazon Product Advertising;Flickr/del.icio.us;Flickr/Yahoo Search;Flickr/YouTube;Flickr/Twitter;Flickr/Digg;Amazon Product Advertising/Yahoo Search;Amazon Product Advertising/YouTube;Amazon Product Advertising/Twitter;del.icio.us/YouTube;del.icio.us/Twitter;del.icio.us/Digg;Yahoo Search/YouTube;Yahoo Search/Twitter;Yahoo Search/Digg;YouTube/Yahoo Image Search;YouTube/Twitter;YouTube/Digg;Yahoo Image Search/Twitter;Twitter/Digg"
"Feedera","2009/2011","80.0","del.icio.us/Facebook;del.icio.us/Twitter;del.icio.us/Digg;Facebook/Twitter;Facebook/Digg;Facebook/Bit.ly;Twitter/Digg;Twitter/Bit.ly"
"Travel Mixed","2009/2011","46.42857142857143","Flickr/Google Maps;Flickr/Google AdSense;Flickr/Panoramio;Flickr/Wikipedia;Google Maps/Google AdSense;Google Maps/Panoramio;Google Maps/Google Webmaster Tools;Google Maps/Wikipedia;Google Maps/Yahoo Query Language;Google AdSense/Panoramio;Google AdSense/Google Webmaster Tools;Panoramio/Google Webmaster Tools;Panoramio/Wikipedia"
"Lobbyist Activity Tracker","2009/2011","0.0",
"Zeeqa","2009/2011","33.333333333333336","Google Maps/Yahoo Maps;Google Maps/Google Webmaster Tools"
"Plocky.com: Get your e-life together","2009/2011","38.095238095238095","Facebook/Friendster;Facebook/LinkedIn;Facebook/MySpace;Facebook/Hyves;Friendster/LinkedIn;Friendster/MySpace;LinkedIn/MySpace;LinkedIn/Hyves"
"Display of US Political Information","2009/2011","0.0",
"Tripmondo","2009/2011","92.85714285714286","Eventful/Google Maps;Eventful/YouTube;Eventful/GeoNames;Eventful/Twitter;Eventful/Panoramio;Eventful/Wikipedia;Google Maps/YouTube;Google Maps/GeoNames;Google Maps/Twitter;Google Maps/Panoramio;Google Maps/Weather Channel;Google Maps/Wikipedia;YouTube/GeoNames;YouTube/Twitter;YouTube/Panoramio;YouTube/Weather Channel;YouTube/Wikipedia;GeoNames/Twitter;GeoNames/Panoramio;GeoNames/Weather Channel;GeoNames/Wikipedia;Twitter/Panoramio;Twitter/Weather Channel;Twitter/Wikipedia;Panoramio/Wikipedia;Weather Channel/Wikipedia"
"Safiri.dk Travel Search","2009/2011","100.0","Google Maps/GeoNames;Google Maps/Panoramio;Google Maps/Wikipedia;GeoNames/Panoramio;GeoNames/Wikipedia;Panoramio/Wikipedia"
"GeoMeme","2009/2011","60.0","Google Maps/Twitter;Google Maps/Google Static Maps;Google Maps/Google App Engine;Twitter/Google Static Maps;Twitter/Google App Engine;Google Static Maps/Google App Engine"
"Tupalo","2009/2011","75.0","Flickr/Google Maps;Flickr/Last.fm;Flickr/GeoNames;Flickr/Amazon S3;Flickr/Google AdSense;Flickr/Twitter;Flickr/Hyves;Google Maps/Last.fm;Google Maps/GeoNames;Google Maps/Amazon S3;Google Maps/Google AdSense;Google Maps/Twitter;Last.fm/GeoNames;Last.fm/Twitter;Last.fm/Hyves;GeoNames/Google AdSense;GeoNames/Twitter;Amazon S3/Google AdSense;Amazon S3/Twitter;Google AdSense/Twitter;Twitter/Hyves"
"Human Pets","2009/2011","50.0","Flickr/Google Maps;Flickr/YouTube;Google Maps/YouTube"
"Solid Commerce","2009/2011","0.0",
"Tehpage","2009/2011","100.0","Flickr/del.icio.us;Flickr/YouTube;Flickr/Twitter;Flickr/Digg;del.icio.us/YouTube;del.icio.us/Twitter;del.icio.us/Digg;YouTube/Twitter;YouTube/Digg;Twitter/Digg"
"Your Mapper","2009/2011","24.358974358974358","Google AdWords/Google Maps;Google AdWords/Google AdSense;Google Maps/Microsoft Bing Maps;Google Maps/Yahoo Maps;Google Maps/geocoder;Google Maps/Google AdSense;Google Maps/Twitter;Google Maps/Google Static Maps;Google Maps/Google Earth;Google Maps/Google Webmaster Tools;Google Talk/Twitter;Google AdSense/Twitter;Google AdSense/Google Static Maps;Google AdSense/Google Earth;Google AdSense/Google Webmaster Tools;Twitter/Google Static Maps;Twitter/Google Earth;Google Static Maps/Google Earth;Google Static Maps/Google Webmaster Tools"
"Spezify","2009/2011","100.0","Amazon Product Advertising/YouTube;Amazon Product Advertising/Twitter;YouTube/Twitter"
"Charts.fm","2009/2011","60.0","Amazon Product Advertising/YouTube;Amazon Product Advertising/Last.fm;Amazon Product Advertising/Facebook;YouTube/Last.fm;YouTube/Facebook;Last.fm/Facebook"
"We Love Wind","2009/2011","100.0","Google Maps/GeoNames;Google Maps/Google Static Maps;Google Maps/Google App Engine;GeoNames/Google Static Maps;GeoNames/Google App Engine;Google Static Maps/Google App Engine"
"TrendingTopics.org","2009/2011","0.0",
"TripSailor -  Sailing Blogs, Yacht Charter Reviews, Sailing Adventures,","2009/2011","82.14285714285714","Flickr/Google Maps;Flickr/Facebook;Flickr/Twitter;Flickr/Panoramio;Flickr/Google Earth;Flickr/Google App Engine;Google Maps/Facebook;Google Maps/Twitter;Google Maps/Panoramio;Google Maps/Google Earth;Google Maps/Google Gears Geolocation;Google Maps/Google App Engine;Facebook/Twitter;Facebook/Panoramio;Facebook/Google Earth;Facebook/Google Gears Geolocation;Facebook/Google App Engine;Twitter/Panoramio;Twitter/Google Earth;Twitter/Google Gears Geolocation;Twitter/Google App Engine;Panoramio/Google Earth;Panoramio/Google Gears Geolocation"
"MyTag","2009/2011","30.0","Flickr/del.icio.us;Flickr/YouTube;del.icio.us/YouTube"
"Nooblast","2009/2011","90.0","Flickr/Technorati;Flickr/YouTube;Flickr/Twitter;Flickr/Digg;Technorati/YouTube;Technorati/Twitter;YouTube/Twitter;YouTube/Digg;Twitter/Digg"
"Spot Today","2009/2011","33.333333333333336","Yahoo Search/YouTube"
"politwitter","2009/2011","66.66666666666667","Twitter/Google Cloud Translation;Twitter/TwitterCounter"
"Hell Horror","2009/2011","100.0","Amazon Product Advertising/Google AdSense"
"Marketing Intelligence Console","2009/2011","23.80952380952381","Google AdWords/Google AdSense;Yahoo Search/Twitter;Yahoo Search/Digg;Google AdSense/Twitter;Twitter/Digg"
"Agenzy.com","2009/2011","20.0","Amazon Product Advertising/YouTube;Amazon Product Advertising/Commission Junction"
"Music Artist Cloud","2009/2011","50.0","YouTube/Last.fm;YouTube/Wikipedia;YouTube/Google App Engine;Last.fm/Wikipedia;Last.fm/Google App Engine"
"Echoes - Kazulo","2009/2011","76.19047619047619","Amazon Product Advertising/Google Maps;Amazon Product Advertising/Yahoo Search;Amazon Product Advertising/YouTube;Amazon Product Advertising/Last.fm;Amazon Product Advertising/Twitter;Google Maps/Yahoo Search;Google Maps/YouTube;Google Maps/Last.fm;Google Maps/Twitter;Yahoo Search/YouTube;Yahoo Search/Twitter;YouTube/Last.fm;YouTube/Yahoo Image Search;YouTube/Twitter;Last.fm/Twitter;Yahoo Image Search/Twitter"
"Flyfishmap","2009/2011","50.0","Google AdWords/Google Maps;Google AdWords/Google AdSense;Google Maps/YouTube;Google Maps/Google AdSense;YouTube/Google AdSense"
"DevHub","2009/2011","0.0",
"Locago","2009/2011","10.0","Flickr/Panoramio"
"Glastonbury 2009 Lineup Mashup","2009/2011","47.61904761904762","Amazon Product Advertising/YouTube;Amazon Product Advertising/Last.fm;Amazon Product Advertising/Facebook;YouTube/Last.fm;YouTube/MusicBrainz;YouTube/Facebook;Last.fm/MusicBrainz;Last.fm/Facebook;MusicBrainz/Facebook;MusicBrainz/BBC Music"
"Firmendb","2009/2011","20.0","Google Maps/GeoNames;Google Maps/Amazon S3"
"Courts Of The World","2009/2011","100.0","Flickr/Google Maps;Flickr/YouTube;Flickr/Google Static Maps;Flickr/Google Earth;Google Maps/YouTube;Google Maps/Google Static Maps;Google Maps/Google Earth;YouTube/Google Static Maps;YouTube/Google Earth;Google Static Maps/Google Earth"
"Amplified Documents","2009/2011","83.33333333333333","Flickr/Technorati;Flickr/Amazon Product Advertising;Flickr/Twitter;Technorati/Twitter;Amazon Product Advertising/Twitter"
"Cleepr","2009/2011","30.0","YouTube/Vimeo;YouTube/MySpace;YouTube/Wikipedia"
"In2Clouds Predictive Analytics for Salesforce.com","2009/2011","33.333333333333336","Google Visualization/Google App Engine"
"XsDesktop","2009/2011","6.666666666666667","YouTube/Google Picasa"
"Last on AM/FM","2009/2011","66.66666666666667","Google Maps/Yahoo Maps;Google Maps/YouTube;Google Maps/Last.fm;Google Maps/Wikipedia;Google Maps/Google App Engine;YouTube/Last.fm;YouTube/Wikipedia;YouTube/Google App Engine;Last.fm/Wikipedia;Last.fm/Google App Engine"
"Trackle","2009/2011","40.0","Flickr/Amazon Product Advertising;Flickr/YouTube;Flickr/Facebook;Amazon Product Advertising/YouTube;Amazon Product Advertising/Facebook;YouTube/Facebook"
"Woya Shopping","2009/2011","4.761904761904762","Amazon Product Advertising/Shopzilla"
"Shorten URL","2009/2011","0.0",
"Anyvite","2009/2011","60.0","Flickr/Google Maps;Flickr/YouTube;Flickr/Twitter;Google Maps/YouTube;Google Maps/Twitter;YouTube/Twitter"
"Friendbinder","2009/2011","95.23809523809524","Flickr/del.icio.us;Flickr/YouTube;Flickr/Last.fm;Flickr/Facebook;Flickr/Twitter;Flickr/Digg;del.icio.us/YouTube;del.icio.us/Facebook;del.icio.us/Twitter;del.icio.us/Digg;YouTube/Last.fm;YouTube/Facebook;YouTube/Twitter;YouTube/Digg;Last.fm/Facebook;Last.fm/Twitter;Last.fm/Digg;Facebook/Twitter;Facebook/Digg;Twitter/Digg"
"Estonian Music Database","2009/2011","83.33333333333333","Google Maps/YouTube;Google Maps/Last.fm;Google Maps/Vimeo;YouTube/Last.fm;YouTube/Vimeo"
"Fun Tourist Attractions","2009/2011","60.0","Flickr/Google Maps;Flickr/YouTube;Flickr/Panoramio;Google Maps/YouTube;Google Maps/Panoramio;YouTube/Panoramio"
"Learn10","2009/2011","13.333333333333334","PayPal/Facebook;Google Homepage/Facebook"
"Klezio","2009/2011","60.0","Flickr/del.icio.us;Flickr/Twitter;Flickr/Wikipedia;del.icio.us/Twitter;Twitter/Thomson Reuters Open Calais;Twitter/Wikipedia"
"Chromomulator","2009/2011","80.0","Flickr/Technorati;Flickr/del.icio.us;Flickr/YouTube;Flickr/Facebook;Flickr/Digg;Technorati/YouTube;del.icio.us/YouTube;del.icio.us/Facebook;del.icio.us/Digg;YouTube/Facebook;YouTube/Digg;Facebook/Digg"
"eLocalFinder","2009/2011","23.636363636363637","Amazon Product Advertising/Google AdWords;Amazon Product Advertising/Google Maps;Amazon Product Advertising/Yahoo Search;Amazon Product Advertising/Google AdSense;Amazon Product Advertising/Shopzilla;Google AdWords/Google Maps;Google AdWords/Google AdSense;Google Maps/Yahoo Search;Google Maps/Google AdSense;Google Maps/Google Static Maps;Google Maps/Google App Engine;Google AdSense/Google Static Maps;Google Static Maps/Google App Engine"
"Tweetmapper","2009/2011","83.33333333333333","Google Maps/OpenStreetMap;Google Maps/OpenLayers;Google Maps/Twitter;OpenStreetMap/Twitter;OpenLayers/Twitter"
"alem.com","2009/2011","66.66666666666667","Google Talk/Twitter;Facebook/Twitter"
"SXSW Artist Catalog","2009/2011","100.0","Flickr/Google Maps;Flickr/YouTube;Flickr/Last.fm;Google Maps/YouTube;Google Maps/Last.fm;YouTube/Last.fm"
"KwiClick","2009/2011","31.61764705882353","Flickr/Technorati;Flickr/Amazon Product Advertising;Flickr/del.icio.us;Flickr/Google Maps;Flickr/Yahoo Search;Flickr/YouTube;Flickr/Facebook;Flickr/Twitter;Flickr/Vimeo;Flickr/FriendFeed;Flickr/Wikipedia;Technorati/YouTube;Technorati/Twitter;Amazon Product Advertising/Google Maps;Amazon Product Advertising/Yahoo Search;Amazon Product Advertising/YouTube;Amazon Product Advertising/Facebook;Amazon Product Advertising/Twitter;del.icio.us/YouTube;del.icio.us/Facebook;del.icio.us/Twitter;Google Maps/Yahoo Search;Google Maps/YouTube;Google Maps/Facebook;Google Maps/Twitter;Google Maps/Vimeo;Google Maps/Wikipedia;Yahoo Search/YouTube;Yahoo Search/Facebook;Yahoo Search/Twitter;Yahoo Search/FriendFeed;Yahoo Search/Wikipedia;YouTube/Facebook;YouTube/Twitter;YouTube/Vimeo;YouTube/FriendFeed;YouTube/Wikipedia;Facebook/Twitter;Facebook/FriendFeed;Facebook/Wikipedia;Twitter/Vimeo;Twitter/FriendFeed;Twitter/Wikipedia"
"ConnectorLocal","2009/2011","31.57894736842105","Flickr/Eventful;Flickr/Google Maps;Flickr/YouTube;Flickr/GeoNames;Flickr/Google AdSense;Flickr/Google Picasa;Flickr/Panoramio;Flickr/Yelp Fusion;Flickr/Vimeo;Flickr/Google Static Maps;Flickr/Wikipedia;Upcoming.org/Google Maps;Upcoming.org/Yelp Fusion;Eventful/Google Maps;Eventful/YouTube;Eventful/GeoNames;Eventful/Panoramio;Eventful/Yelp Fusion;Eventful/Wikipedia;Google Maps/YouTube;Google Maps/GeoNames;Google Maps/Google AdSense;Google Maps/Google Picasa;Google Maps/Panoramio;Google Maps/Yelp Fusion;Google Maps/Oodle;Google Maps/Vimeo;Google Maps/Google Static Maps;Google Maps/Google Webmaster Tools;Google Maps/Google Gears Geolocation;Google Maps/Wikipedia;YouTube/GeoNames;YouTube/Google AdSense;YouTube/Google Picasa;YouTube/Panoramio;YouTube/Yelp Fusion;YouTube/Oodle;YouTube/Vimeo;YouTube/Google Static Maps;YouTube/Wikipedia;GeoNames/Google AdSense;GeoNames/Panoramio;GeoNames/Google Static Maps;GeoNames/Wikipedia;Google AdSense/Panoramio;Google AdSense/Oodle;Google AdSense/Google Static Maps;Google AdSense/Google Webmaster Tools;Panoramio/Google Static Maps;Panoramio/Google Webmaster Tools;Panoramio/Google Gears Geolocation;Panoramio/Wikipedia;Yelp Fusion/Wikipedia;Google Static Maps/Google Webmaster Tools"
"Initt","2009/2011","47.61904761904762","Flickr/Google Maps;Flickr/Facebook;Flickr/Twitter;Flickr/Weather Channel;Google Maps/Facebook;Google Maps/Twitter;Google Maps/Weather Channel;Facebook/Twitter;Facebook/Weather Channel;Twitter/Weather Channel"
"Only Apple Stories","2009/2011","40.0","del.icio.us/Twitter;del.icio.us/Digg;Twitter/Digg;Twitter/Tumblr"
"My Apartment Map","2009/2011","50.0","Google Maps/Yahoo Local Search;Google Maps/Yelp Fusion;Google Maps/Oodle"
"TrackThis","2009/2011","6.666666666666667","Facebook/Twitter"
"Congress SpaceBook","2009/2011","27.77777777777778","Flickr/Technorati;Flickr/Eventful;Flickr/Yahoo Search;Flickr/YouTube;Flickr/FriendFeed;Technorati/YouTube;Eventful/YouTube;Yahoo Search/YouTube;Yahoo Search/FriendFeed;YouTube/FriendFeed"
"Migratr","2009/2011","7.142857142857143","Flickr/Google Picasa;Flickr/Photobucket"
"Open City Agora","2011/2013","40.0","Google Maps/Google App Engine;Google Maps/Google Fusion Tables;Google Maps/Google Maps Places;Google App Engine/Google Fusion Tables"
"Skimzee","2011/2013","47.22222222222222","YouTube/Facebook;YouTube/Twitter;YouTube/Wikipedia;YouTube/TwitPic;YouTube/Instagram Graph;YouTube/Facebook Graph;Facebook/Twitter;Facebook/TwitPic;Facebook/Instagram Graph;Facebook/Facebook Graph;Twitter/Wikipedia;Twitter/TwitPic;Twitter/Instagram Graph;Twitter/Facebook Graph;Wikipedia/Facebook Graph;TwitPic/Instagram Graph;Instagram Graph/Facebook Graph"
"KissAPI","2011/2013","0.0",
"Mapify.us","2011/2013","20.0","Google Maps/Facebook;Google Maps/Facebook Graph;Facebook/Facebook Graph"
"YOUZEEK","2011/2013","60.0","YouTube/Last.fm;YouTube/MusicBrainz;YouTube/Twitter;Last.fm/MusicBrainz;Last.fm/Twitter;MusicBrainz/Twitter"
"in1.com","2011/2013","93.33333333333333","YouTube/Facebook;YouTube/Twitter;YouTube/Tumblr;YouTube/Instagram Graph;YouTube/Facebook Graph;Facebook/Twitter;Facebook/Tumblr;Facebook/Instagram Graph;Facebook/Facebook Graph;Twitter/Tumblr;Twitter/Instagram Graph;Twitter/Facebook Graph;Tumblr/Instagram Graph;Instagram Graph/Facebook Graph"
"PieSync - Power of Highrise in Google Apps","2011/2013","26.666666666666668","Google Calendar/Google Contacts;Google Calendar/Google Gmail OAuth;Google Single SignOn/Google Gmail OAuth;Google Contacts/Google Gmail OAuth"
"WishMindr","2011/2013","9.523809523809524","Twitter/Google Contacts;Twitter/Facebook Graph"
"AllJobs.biz","2011/2013","33.333333333333336","indeed/Simply Hired Jobs"
"Make Me Change My Job","2011/2013","0.0",
"Analytics Portfolio","2011/2013","33.333333333333336","Google Analytics Managment/Google Webmaster Tools"
"PlugThe.Net","2011/2013","100.0","Flickr/Google Maps;Flickr/YouTube;Flickr/Facebook;Flickr/Twitter;Flickr/Instagram Graph;Google Maps/YouTube;Google Maps/Facebook;Google Maps/Twitter;Google Maps/Instagram Graph;YouTube/Facebook;YouTube/Twitter;YouTube/Instagram Graph;Facebook/Twitter;Facebook/Instagram Graph;Twitter/Instagram Graph"
"Setlisting","2011/2013","80.0","Google Maps/Last.fm;Google Maps/Facebook;Google Maps/Facebook Graph;Last.fm/MusicBrainz;Last.fm/Facebook;Last.fm/Facebook Graph;MusicBrainz/Facebook Graph;Facebook/Facebook Graph"
"MapProvision","2011/2013","33.333333333333336","Google Maps/Google Visualization;Google Maps/Google App Engine;Google Maps/Google Fusion Tables;Google Single SignOn/Google Gmail OAuth;Google App Engine/Google Fusion Tables"
"Towns Of The World","2011/2013","60.0","Google Maps/YouTube;Google Maps/Twitter;Google Maps/Google Picasa;Google Maps/Panoramio;YouTube/Twitter;YouTube/Google Picasa;YouTube/Panoramio;Twitter/Panoramio;Twitter/Twitter Streaming"
"Backup Box","2011/2013","0.0",
"Recordlective","2011/2013","100.0","YouTube/Last.fm;YouTube/MusicBrainz;Last.fm/MusicBrainz"
"Furkot - free online road trip planner","2011/2013","33.333333333333336","Google Maps/GeoNames;Google Maps/HotelsCombined;Google Maps/Foursquare;Google Maps/Yipit;TripIt/Foursquare"
"Real Indoor","2011/2013","52.38095238095238","Google Maps/YouTube;Google Maps/Panoramio;Google Maps/Google Maps Elevation;Google Maps/Google Directions;Google Maps/Google Maps Places;Google Maps/Google Geocoding;YouTube/Panoramio;YouTube/Google Geocoding;Panoramio/Google Geocoding;Google Maps Elevation/Google Geocoding;Google Directions/Google Geocoding"
"ActionZap","2011/2013","26.666666666666668","Google Maps/Yelp Fusion;Google Maps/CityGrid;Google Maps/Google Geocoding;Google Maps/Yipit"
"ShipStation","2011/2013","0.0",
"Richseam","2011/2013","50.0","YouTube/Last.fm;YouTube/MusicBrainz;YouTube/DBpedia;Last.fm/MusicBrainz;Last.fm/Songkick"
"EmbedPlus - Chrome Browser Extension for YouTube","2011/2013","60.0","YouTube/Facebook;YouTube/Twitter;YouTube/Reddit;YouTube/Topsy;Facebook/Twitter;Twitter/Reddit"
"Trippin","2011/2013","20.0","Google Maps/Foursquare;Google Maps/Google Maps Places;Google Maps/Google Latitude"
"Popify","2011/2013","66.66666666666667","YouTube/Last.fm;Last.fm/Twilio"
"The byrds and the bee(gees)","2011/2013","0.0",
"We-Wired Web","2011/2013","18.153846153846153","Flickr/del.icio.us;Flickr/YouTube;Flickr/Last.fm;Flickr/Twitter;Flickr/Yelp Fusion;Flickr/Vimeo;Flickr/LinkedIn;Flickr/Tumblr;Flickr/SoundCloud;Flickr/Bit.ly;Flickr/Foursquare;Flickr/Instagram Graph;del.icio.us/YouTube;del.icio.us/Last.fm;del.icio.us/Twitter;del.icio.us/Tumblr;del.icio.us/Foursquare;YouTube/Last.fm;YouTube/Twitter;YouTube/Yelp Fusion;YouTube/Vimeo;YouTube/LinkedIn;YouTube/Tumblr;YouTube/SoundCloud;YouTube/Bit.ly;YouTube/Foursquare;YouTube/Instagram Graph;Last.fm/Twitter;Last.fm/Yelp Fusion;Last.fm/Vimeo;Last.fm/LinkedIn;Last.fm/Tumblr;Last.fm/SoundCloud;Last.fm/Twilio;Last.fm/Foursquare;Last.fm/Instagram Graph;Twitter/Vimeo;Twitter/LinkedIn;Twitter/Tumblr;Twitter/Bit.ly;Twitter/Twilio;Twitter/Foursquare;Twitter/Twilio SMS;Twitter/Instagram Graph;Yelp Fusion/Twilio;Yelp Fusion/Foursquare;Vimeo/SoundCloud;Vimeo/Foursquare;Vimeo/Instagram Graph;LinkedIn/Foursquare;LinkedIn/Instagram Graph;Tumblr/SoundCloud;Tumblr/Foursquare;Tumblr/Instagram Graph;SoundCloud/Foursquare;SoundCloud/Instagram Graph;Twilio/Foursquare;Twilio/Twilio SMS;Foursquare/Instagram Graph"
"File2Cart","2011/2013","0.0",
"Boorow.com","2011/2013","83.33333333333333","YouTube/Amazon S3;YouTube/Twitter;YouTube/Bing;Amazon S3/Twitter;Twitter/Bing"
"Apartable","2011/2013","23.80952380952381","Google Maps/Amazon S3;Google Maps/Google Geocoding;Google Maps/Facebook Graph;Google Gmail OAuth/Facebook Graph;Google Geocoding/Facebook Graph"
"TravelOxi.com","2011/2013","52.77777777777778","Flickr/Google Maps;Flickr/YouTube;Flickr/Twitter;Flickr/Panoramio;Flickr/Wikipedia;Eventful/Google Maps;Google Maps/YouTube;Google Maps/Twitter;Google Maps/Panoramio;Google Maps/Wikipedia;Google Maps/Google Geocoding;YouTube/Twitter;YouTube/Panoramio;YouTube/Wikipedia;YouTube/Google Geocoding;Twitter/Panoramio;Twitter/Wikipedia;Twitter/Google Geocoding;Panoramio/Google Geocoding"
"CampusMareNostrum","2011/2013","100.0","Flickr/Google Maps;Flickr/YouTube;Flickr/Facebook;Flickr/Twitter;Google Maps/YouTube;Google Maps/Facebook;Google Maps/Twitter;YouTube/Facebook;YouTube/Twitter;Facebook/Twitter"
"Emagister Symposium","2011/2013","50.0","Google Maps/Facebook;Google Maps/Twitter;Facebook/Twitter"
"Whilewairport","2011/2013","50.0","Facebook/LinkedIn;Facebook/Foursquare;LinkedIn/Foursquare"
"SimplySubscribe.Me","2011/2013","30.0","Facebook/MailChimp;Facebook/Foursquare;Foursquare/Google Gmail OAuth"
"BookBargain","2011/2013","16.666666666666668","Facebook/Twitter"
"Crisply","2011/2013","14.285714285714286","Google Calendar/Google Gmail OAuth;Google Single SignOn/Google Gmail OAuth;TripIt/Foursquare;Foursquare/Google Gmail OAuth"
"Flexi eBooks","2011/2013","0.0",
"WatchCount.com","2011/2013",0,
"MURALI BASA BLOG","2011/2013","0.0",
"Yappoint","2011/2013","30.0","Google Maps/Facebook;Google Maps/Google Maps Places;Facebook/MailChimp"
"vuzzbox","2011/2013","0.0",
"Ministry Ops","2011/2013","20.0","YouTube/Amazon S3;YouTube/Vimeo"
"soundeos","2011/2013","33.333333333333336","YouTube/SoundCloud"
"Orcheeder","2011/2013","20.0","Flickr/Facebook;Google AdSense/Facebook"
"TeamLeaks","2011/2013","16.666666666666668","Facebook/Twitter"
"VIDVIDOO","2011/2013","16.666666666666668","Amazon Product Advertising/YouTube"
"SkaFlash","2011/2013","20.0","Twilio/SendGrid;Twilio/Twilio SMS;SendGrid/Twilio SMS"
"Yukon Live","2011/2013","40.0","Flickr/Google Maps;Flickr/YouTube;Google Maps/YouTube;Google Maps/Google Earth;Google Maps/Google Geocoding;YouTube/Google Geocoding"
"BizScrambler","2011/2013","14.102564102564102","Last.fm/Facebook;Last.fm/Twitter;Last.fm/Bing;Last.fm/Foursquare;Facebook/Twitter;Facebook/Bing;Facebook/Foursquare;Twitter/Bing;Twitter/Foursquare;Twitter/Google Maps Places;Bing/Foursquare"
Symbyoz,2011/2013,55.55555555555556,Amazon Product Advertising/Google Maps;Amazon Product Advertising/YouTube;Amazon Product Advertising/Facebook;Amazon Product Advertising/Twitter;Amazon Product Advertising/Bing;Google Maps/YouTube;Google Maps/Facebook;Google Maps/Twitter;Google Maps/Bing;Google Maps/Foursquare;Google Maps/Groupon;YouTube/Facebook;YouTube/Twitter;YouTube/LinkedIn;YouTube/Bing;YouTube/Foursquare;Facebook/Twitter;Facebook/LinkedIn;Facebook/Bing;Facebook/Foursquare;Twitter/LinkedIn;Twitter/Bing;Twitter/Foursquare;LinkedIn/Foursquare;Bing/Foursquare
Serach-Is_easy,2011/2013,33.333333333333336,YouTube/DBpedia
Simple Energy,2011/2013,20.0,Facebook/Twilio;Twilio/SendGrid
Distances Calculator,2011/2013,60.0,Google Maps/GeoNames;Google Maps/Panoramio;Google Maps/Google Directions;Google Maps/Google Geocoding;Panoramio/Google Geocoding;Google Directions/Google Geocoding
Now Playing on BBC Radio,2011/2013,17.857142857142858,Last.fm/MusicBrainz;Last.fm/Songkick;Last.fm/Facebook Graph;MusicBrainz/Facebook Graph;Wikipedia/Facebook Graph
Just Shop Savvy,2011/2013,10.0,Amazon Product Advertising/Best Buy Products
iKuExplorer,2011/2013,14.285714285714286,Flickr/YouTube;Flickr/Google Picasa;YouTube/Google Picasa;Google Calendar/Google Contacts
Moun Fou - Shopping Made Easy,2011/2013,33.333333333333336,Twitter/LinkedIn
Handollar,2011/2013,20.0,Google Maps/Yelp Fusion;Google Maps/Google Cloud Translation
Kiwifruut,2011/2013,50.0,YouTube/Facebook;YouTube/Facebook Graph;Facebook/Facebook Graph
scovry,2011/2013,100.0,Flickr/del.icio.us;Flickr/YouTube;Flickr/Twitter;Flickr/Reddit;del.icio.us/YouTube;del.icio.us/Twitter;del.icio.us/Reddit;YouTube/Twitter;YouTube/Reddit;Twitter/Reddit
Explore To Yellow Pages,2011/2013,60.0,Flickr/Google Maps;Flickr/Facebook;Flickr/Twitter;Flickr/Bit.ly;Google Maps/Facebook;Google Maps/Twitter;Facebook/Twitter;Facebook/Bit.ly;Twitter/Bit.ly
getHired Mobile App,2011/2013,10.0,indeed/Simply Hired Jobs
Happenic,2011/2013,13.333333333333334,Eventful/Google Maps;Google Maps/Facebook Graph
Belmonte Online,2011/2013,10.0,Google Maps/Twitter
immipad,2011/2013,0.0,
Noozly,2011/2013,40.0,Google AdWords/Facebook;Facebook/Twitter;Facebook/Tumblr;Twitter/Tumblr
typo.obsvr.net - Typography Observer,2011/2013,24.444444444444443,Flickr/YouTube;Flickr/Smugmug;Flickr/Vimeo;Flickr/TwitPic;Flickr/Instagram Graph;YouTube/Smugmug;YouTube/Vimeo;YouTube/TwitPic;YouTube/Instagram Graph;Vimeo/Instagram Graph;TwitPic/Instagram Graph
obsvr.net,2011/2013,24.444444444444443,Flickr/YouTube;Flickr/Smugmug;Flickr/Vimeo;Flickr/TwitPic;Flickr/Instagram Graph;YouTube/Smugmug;YouTube/Vimeo;YouTube/TwitPic;YouTube/Instagram Graph;Vimeo/Instagram Graph;TwitPic/Instagram Graph
Achivy,2011/2013,27.77777777777778,Facebook/Twitter;Facebook/GetGlue;Facebook/Foursquare;Facebook/Gowalla;Twitter/GitHub;Twitter/GetGlue;Twitter/Foursquare;Twitter/Gowalla;GitHub/Foursquare;Foursquare/Gowalla
PlanZap,2011/2013,50.0,Google Maps/Twitter;Google Maps/CityGrid;Google Maps/Google Geocoding;Google Maps/Yipit;Twitter/Google Geocoding
La Liga Ftbol Espaol,2011/2013,50.0,Google Maps/YouTube;Google Maps/Twitter;Google Maps/AddThis Menu;YouTube/Twitter;YouTube/DBpedia
Transicast Apps,2011/2013,0.0,
Wiki News Direct,2011/2013,20.0,Google AdWords/Facebook;Facebook/LinkedIn
Info Balloon,2011/2013,30.0,Google Maps/Google Cloud Translation;Google Maps/Google Maps Places;Google Maps/Google Latitude
Real estate mashup,2011/2013,16.666666666666668,Google Maps/Yelp Fusion
Listnr,2011/2013,10.0,Facebook/Facebook Graph
LipMe,2011/2013,30.0,YouTube/Facebook;YouTube/Twitter;Facebook/Twitter
Book-Current,2011/2013,0.0,
Lionyzer,2011/2013,25.0,Flickr/Facebook;Flickr/Bing;Google AdWords/Facebook;Google AdWords/Google Analytics Managment;Yahoo Search/Bing;Facebook/Google Analytics Managment;Facebook/Bing
BandStalk,2011/2013,100.0,Last.fm/MusicBrainz;Last.fm/Twitter;Last.fm/Facebook Graph;MusicBrainz/Twitter;MusicBrainz/Facebook Graph;Twitter/Facebook Graph
Wedgies,2011/2013,30.0,Twitter/Bit.ly;Twitter/Twilio SMS;SendGrid/Twilio SMS
Vegas Vision,2011/2013,100.0,Flickr/Google Maps;Flickr/YouTube;Flickr/Twitter;Flickr/Foursquare;Google Maps/YouTube;Google Maps/Twitter;Google Maps/Foursquare;YouTube/Twitter;YouTube/Foursquare;Twitter/Foursquare
DBStract.com,2011/2013,40.0,Google Maps/Twitter;Google Maps/Twilio;Twitter/MailChimp;Twitter/Twilio;Twitter/Twilio SMS;Twilio/Twilio SMS
Cirrus Insight,2011/2013,100.0,Google Calendar/Google Contacts;Google Calendar/Google Gmail OAuth;Google Contacts/Google Gmail OAuth
iPhone Public Transit Application,2011/2013,0,
Platd,2011/2013,80.0,Facebook/Twitter;Facebook/Twilio;Facebook/Twilio SMS;Twitter/Twilio;Twitter/Twilio SMS;Twitter/Heroku;Twilio/Twilio SMS;Twilio/Heroku
Life Stream,2011/2013,49.09090909090909,Flickr/YouTube;Flickr/Twitter;Flickr/LinkedIn;Flickr/Foursquare;Flickr/Instagram Graph;Flickr/Facebook Graph;YouTube/Twitter;YouTube/LinkedIn;YouTube/Foursquare;YouTube/Instagram Graph;YouTube/Facebook Graph;Twitter/LinkedIn;Twitter/Foursquare;Twitter/Google Buzz;Twitter/Gowalla;Twitter/Google Gmail OAuth;Twitter/Instagram Graph;Twitter/Facebook Graph;LinkedIn/Foursquare;LinkedIn/Google Buzz;LinkedIn/Google Gmail OAuth;LinkedIn/Instagram Graph;Foursquare/Gowalla;Foursquare/Google Gmail OAuth;Foursquare/Instagram Graph;Google Gmail OAuth/Facebook Graph;Instagram Graph/Facebook Graph
Research And Compare,2011/2013,39.285714285714285,Amazon Product Advertising/YouTube;Amazon Product Advertising/Facebook;Amazon Product Advertising/Twitter;YouTube/Amazon S3;YouTube/Facebook;YouTube/Twitter;Amazon S3/Facebook;Amazon S3/Twitter;Facebook/Twitter;Facebook/MailChimp;Twitter/MailChimp
MarketMeSuite,2011/2013,28.571428571428573,Facebook/Twitter;Facebook/Bit.ly;Facebook/Facebook Graph;Twitter/Bit.ly;Twitter/Klout;Twitter/Facebook Graph
Lookzi,2011/2013,13.88888888888889,Flickr/Last.fm;Flickr/Twitter;indeed/Twitter;Last.fm/Twitter;Twitter/Google Maps Places
printo.jp,2011/2013,53.333333333333336,Flickr/Google Maps;Flickr/Facebook;Flickr/Twitter;Flickr/Google Picasa;Flickr/Panoramio;Flickr/TwitPic;Flickr/Foursquare;Flickr/Instagram Graph;Google Maps/Facebook;Google Maps/Twitter;Google Maps/Google Picasa;Google Maps/Panoramio;Google Maps/Foursquare;Google Maps/Instagram Graph;Facebook/Twitter;Facebook/TwitPic;Facebook/Foursquare;Facebook/Instagram Graph;Twitter/Panoramio;Twitter/TwitPic;Twitter/Foursquare;Twitter/Instagram Graph;TwitPic/Instagram Graph;Foursquare/Instagram Graph
Best Buys,2011/2013,8.333333333333334,Amazon Product Advertising/YouTube;Amazon Product Advertising/Shopping.com;Amazon Product Advertising/Best Buy Products
Lyricat,2011/2013,20.0,Amazon Product Advertising/Last.fm;Amazon Product Advertising/Facebook;Amazon Product Advertising/iTunes and iTunes Connect;Last.fm/Facebook;Last.fm/iTunes and iTunes Connect;Google AdSense/Facebook;Google AdSense/Google Webmaster Tools;Google AdSense/Google Analytics Managment;Facebook/Google Analytics Managment;Facebook/iTunes and iTunes Connect;Google Webmaster Tools/Google Analytics Managment
RDFaCE,2011/2013,0.0,
Briteclick,2011/2013,24.166666666666668,Flickr/Google Maps;Flickr/YouTube;Flickr/Last.fm;Flickr/Facebook;Flickr/Yelp Fusion;Flickr/Wikipedia;Flickr/Bing;Amazon Product Advertising/Google Maps;Amazon Product Advertising/YouTube;Amazon Product Advertising/Last.fm;Amazon Product Advertising/Facebook;Amazon Product Advertising/Bing;Google Maps/YouTube;Google Maps/Last.fm;Google Maps/Facebook;Google Maps/Yelp Fusion;Google Maps/Google Cloud Translation;Google Maps/Wikipedia;Google Maps/Bing;YouTube/Last.fm;YouTube/Facebook;YouTube/Yelp Fusion;YouTube/Wikipedia;YouTube/Bing;Last.fm/Facebook;Last.fm/Yelp Fusion;Last.fm/Bing;Facebook/Bing;Google Cloud Translation/Wikipedia
Cycling the Alps,2011/2013,25.454545454545453,Google AdWords/Google Analytics Managment;Google Maps/Google AdSense;Google Maps/Google Picasa;Google Maps/Google Earth;Google Maps/Google App Engine;Google Maps/Google Analytics Managment;Google Maps/Google Fusion Tables;Google Maps/Google Maps Elevation;Google Maps/Google Latitude;Google Maps/Google Geocoding;Google AdSense/Google Analytics Managment;Google App Engine/Google Analytics Managment;Google App Engine/Google Fusion Tables;Google Maps Elevation/Google Geocoding
SeekIt.gr,2011/2013,33.333333333333336,YouTube/Last.fm
Live Twitter Streaming,2011/2013,0.0,
Little Corner,2011/2013,49.09090909090909,Flickr/del.icio.us;Flickr/Last.fm;Flickr/Twitter;Flickr/Tumblr;Flickr/SoundCloud;Flickr/Foursquare;Flickr/Instagram Graph;del.icio.us/Last.fm;del.icio.us/Twitter;del.icio.us/Tumblr;del.icio.us/Foursquare;Last.fm/Twitter;Last.fm/Tumblr;Last.fm/SoundCloud;Last.fm/Foursquare;Last.fm/Instagram Graph;Twitter/Tumblr;Twitter/GitHub;Twitter/Foursquare;Twitter/Instagram Graph;Tumblr/SoundCloud;Tumblr/Foursquare;Tumblr/Instagram Graph;SoundCloud/Foursquare;SoundCloud/Instagram Graph;GitHub/Foursquare;Foursquare/Instagram Graph
Best Place Live,2011/2013,0.0,
InstantPlex,2011/2013,50.0,YouTube/Facebook;YouTube/Twitter;Facebook/Twitter;Facebook/GetGlue;Twitter/GetGlue
50 Shops,2011/2013,26.666666666666668,Amazon Product Advertising/YouTube;Amazon Product Advertising/Facebook;YouTube/Facebook;Facebook/Amazon Marketplace Web Service
SlideMyPics,2011/2013,42.857142857142854,Flickr/YouTube;Flickr/Smugmug;Flickr/Facebook;Flickr/Google Picasa;YouTube/Smugmug;YouTube/Amazon S3;YouTube/Facebook;YouTube/Google Picasa;Amazon S3/Facebook
LyricsGaps.com,2011/2013,60.0,YouTube/Facebook;YouTube/Twitter;YouTube/Bit.ly;Facebook/Twitter;Facebook/Bit.ly;Twitter/Bit.ly
Helioid Search,2011/2013,33.333333333333336,Yahoo Search/Bing
MapMyFriends.in,2011/2013,100.0,Google Maps/Facebook;Google Maps/Facebook Graph;Facebook/Facebook Graph
Find a Beer,2011/2013,0.0,
What ;s Public,2011/2013,6.432748538011696,Flickr/Facebook;Flickr/Twitter;Flickr/TwitPic;Flickr/Bing;Facebook/Twitter;Facebook/TwitPic;Facebook/Bing;Twitter/TwitPic;Twitter/GitHub;Twitter/Klout;Twitter/Bing
bookfriend,2011/2013,4.761904761904762,Flickr/Twitter
Ohsopopular,2011/2013,0.0,
SocialBios,2011/2013,47.22222222222222,Last.fm/Twitter;Last.fm/LinkedIn;Last.fm/Foursquare;Last.fm/Facebook Graph;Twitter/LinkedIn;Twitter/Google Contacts;Twitter/Foursquare;Twitter/Google Buzz;Twitter/Google Gmail OAuth;Twitter/Facebook Graph;Twitter/Twitter Streaming;LinkedIn/Foursquare;LinkedIn/Google Buzz;LinkedIn/Google Gmail OAuth;Google Contacts/Google Gmail OAuth;Foursquare/Google Gmail OAuth;Google Gmail OAuth/Facebook Graph
watch2gether.com,2011/2013,66.66666666666667,YouTube/Vimeo;YouTube/SoundCloud;YouTube/Amazon Product Advertising;Vimeo/SoundCloud
jQuery Lifestream,2011/2013,30.476190476190474,Flickr/del.icio.us;Flickr/YouTube;Flickr/Last.fm;Flickr/Twitter;Flickr/Vimeo;Flickr/Tumblr;Flickr/Reddit;Flickr/Foursquare;del.icio.us/YouTube;del.icio.us/Last.fm;del.icio.us/Twitter;del.icio.us/Tumblr;del.icio.us/Reddit;del.icio.us/Foursquare;YouTube/Last.fm;YouTube/Twitter;YouTube/Vimeo;YouTube/Tumblr;YouTube/Reddit;YouTube/Foursquare;Last.fm/Twitter;Last.fm/Vimeo;Last.fm/Tumblr;Last.fm/Foursquare;Twitter/Vimeo;Twitter/Tumblr;Twitter/Reddit;Twitter/GitHub;Twitter/Foursquare;Vimeo/Foursquare;Tumblr/Foursquare;GitHub/Foursquare
DoAt (do@),2011/2013,19.076923076923077,Flickr/Google Maps;Flickr/YouTube;Flickr/Last.fm;Flickr/Facebook;Flickr/Yelp Fusion;Flickr/Vimeo;Flickr/LinkedIn;Flickr/SoundCloud;Flickr/Reddit;Flickr/Bing;Flickr/Foursquare;Flickr/Instagram Graph;Amazon Product Advertising/Google Maps;Amazon Product Advertising/YouTube;Amazon Product Advertising/Last.fm;Amazon Product Advertising/Shopping.com;Amazon Product Advertising/Facebook;Amazon Product Advertising/Bing;Amazon Product Advertising/iTunes and iTunes Connect;Google Maps/YouTube;Google Maps/Last.fm;Google Maps/Facebook;Google Maps/Yelp Fusion;Google Maps/Bing;Google Maps/Foursquare;Google Maps/CityGrid;Google Maps/Instagram Graph;YouTube/Last.fm;YouTube/Facebook;YouTube/Yelp Fusion;YouTube/Vimeo;YouTube/LinkedIn;YouTube/SoundCloud;YouTube/Reddit;YouTube/Bing;YouTube/Foursquare;YouTube/Instagram Graph;Last.fm/Facebook;Last.fm/Yelp Fusion;Last.fm/Vimeo;Last.fm/LinkedIn;Last.fm/SoundCloud;Last.fm/Bing;Last.fm/Songkick;Last.fm/Foursquare;Last.fm/iTunes and iTunes Connect;Last.fm/Instagram Graph;Facebook/LinkedIn;Facebook/Bing;Facebook/Foursquare;Facebook/iTunes and iTunes Connect;Facebook/Instagram Graph;Yelp Fusion/Foursquare;Vimeo/SoundCloud;Vimeo/Foursquare;Vimeo/Instagram Graph;LinkedIn/Foursquare;LinkedIn/Instagram Graph;SoundCloud/Foursquare;SoundCloud/Instagram Graph;Bing/Foursquare;Foursquare/Instagram Graph
Twitcaps: Watching the World,2011/2013,14.285714285714286,YouTube/Twitter;YouTube/TwitPic;Twitter/TwitPic
Job search HireADroid,2011/2013,10.0,indeed/Simply Hired Jobs
biblify,2011/2013,10.0,Amazon Product Advertising/Last.fm
Supermetrics Data Grabber,2011/2013,60.0,Google AdWords/Facebook;Google AdWords/Google Analytics Managment;YouTube/Facebook;YouTube/Bing;Facebook/Google Analytics Managment;Facebook/Bing
Amazigg,2011/2013,20.0,Google AdSense/Google Webmaster Tools;Google AdSense/Google Analytics Managment;Google Webmaster Tools/Google Analytics Managment
metaskim,2011/2013,4.761904761904762,del.icio.us/Reddit
Memolane,2011/2013,71.42857142857143,Flickr/Facebook;Flickr/Twitter;Flickr/Vimeo;Flickr/Foursquare;Flickr/Instagram Graph;Facebook/Twitter;Facebook/Foursquare;Facebook/Instagram Graph;Twitter/Vimeo;Twitter/Foursquare;Twitter/Instagram Graph;Vimeo/Foursquare;Vimeo/Instagram Graph;TripIt/Foursquare;Foursquare/Instagram Graph
Find a Car,2011/2013,60.0,Google Maps/YouTube;Google Maps/Google AdSense;Google Maps/Oodle;Google Maps/Google Analytics Managment;Google Maps/CityGrid;YouTube/Google AdSense;Google AdSense/Oodle;Google AdSense/Google Analytics Managment;Oodle/CityGrid
Local streamer,2011/2013,66.66666666666667,Google Maps/YouTube;Google Maps/Twitter;Google Maps/Wikipedia;Google Maps/Google Geocoding;Google Maps/Facebook Graph;YouTube/Twitter;YouTube/Wikipedia;YouTube/Google Geocoding;YouTube/Facebook Graph;Twitter/Wikipedia;Twitter/Google Geocoding;Twitter/Facebook Graph;Wikipedia/Facebook Graph;Google Geocoding/Facebook Graph
Xuland,2011/2013,30.0,Eventful/Google Maps;Google Maps/Yelp Fusion;Google Maps/Groupon
Journamatic,2011/2013,55.55555555555556,YouTube/Facebook;YouTube/Twitter;YouTube/Tumblr;YouTube/Foursquare;YouTube/Instagram Graph;Facebook/Twitter;Facebook/Tumblr;Facebook/GetGlue;Facebook/Foursquare;Facebook/Gowalla;Facebook/Instagram Graph;Twitter/Tumblr;Twitter/GetGlue;Twitter/Foursquare;Twitter/Gowalla;Twitter/Instagram Graph;Tumblr/Foursquare;Tumblr/Instagram Graph;Foursquare/Gowalla;Foursquare/Instagram Graph
Snapfinch,2011/2013,0.0,
DailyMotoRide,2011/2013,40.0,Google Maps/Amazon S3;Google Maps/Google Visualization;Google Maps/Google Fusion Tables;Google Maps/Google Maps Elevation
The Music Feed,2011/2013,16.483516483516482,Google AdSense/Facebook;Google AdSense/Google Webmaster Tools;Google AdSense/Google Analytics Managment;Facebook/Twitter;Facebook/LinkedIn;Facebook/Tumblr;Facebook/Google App Engine;Facebook/Google Analytics Managment;Twitter/LinkedIn;Twitter/Tumblr;Twitter/Google App Engine;Twitter/Google Buzz;LinkedIn/Google Buzz;Google Webmaster Tools/Google Analytics Managment;Google App Engine/Google Analytics Managment
BadgePlz,2011/2013,0.0,
TagsUp,2011/2013,40.0,Google Maps/Facebook;Google Maps/Twitter;Facebook/Twitter;Facebook/Amazon Marketplace Web Service
Facebook Spectrum,2011/2013,50.0,Google Maps/Google Visualization;Google Maps/Google Analytics Managment;Google Maps/Facebook Graph
Connected,2011/2013,60.0,Google Calendar/Google Contacts;Google Calendar/Google Gmail OAuth;Facebook/Twitter;Facebook/LinkedIn;Twitter/LinkedIn;Twitter/Google Contacts;Twitter/Google Gmail OAuth;LinkedIn/Google Gmail OAuth;Google Contacts/Google Gmail OAuth
Wherevent,2011/2013,40.0,Google Maps/GeoNames;Google Maps/Google Geocoding;Google Maps/Facebook Graph;Google Geocoding/Facebook Graph
dishtip,2011/2013,14.285714285714286,Google Maps/Google Analytics Managment;Google Maps/AddThis Menu;Google Maps/Google Geocoding
Ewelike,2011/2013,6.666666666666667,Google AdSense/Google Analytics Managment
Skeedy,2011/2013,21.428571428571427,Flickr/YouTube;Flickr/Bit.ly;Flickr/Bing;YouTube/MusicBrainz;YouTube/Bit.ly;YouTube/Bing
player4you,2011/2013,33.333333333333336,YouTube/Facebook Graph
instaLyrics,2011/2013,50.0,YouTube/MusicBrainz;YouTube/Facebook;YouTube/Twitter;MusicBrainz/Twitter;Facebook/Twitter
player4you,2011/2013,0.0,
Video Customizer,2011/2013,40.0,YouTube/Amazon S3;YouTube/Facebook;YouTube/Vimeo;Amazon S3/Facebook
Skyvia,2013/2015,0.0,
Flixster,2013/2015,16.666666666666668,Facebook/Google Plus
Can I Stream.it?,2013/2015,0.0,
Adium Pushover,2013/2015,4.761904761904762,Twitter/Facebook
Mist.io,2013/2015,0.0,
55Photos,2013/2015,9.523809523809524,Flickr/Facebook;Facebook/Facebook Graph
pinkbigmac,2013/2015,16.363636363636363,Foursquare/Flickr;Foursquare/Twitter;Foursquare/Facebook;Google Analytics Managment/Google AdSense;Google Analytics Managment/Twitter;Google Analytics Managment/Facebook;Flickr/Twitter;Flickr/Facebook;Twitter/Facebook
Sush.io,2013/2015,0.0,
Mesh,2013/2015,50.0,Twitter/Pinterest Domain;Twitter/LinkedIn;Pinterest Domain/LinkedIn
Foodzy,2013/2015,30.0,Fitbit/Withings;Fitbit/Facebook;Twitter/Facebook
Endomondo,2013/2015,33.333333333333336,Fitbit/Withings
TactioHealth,2013/2015,66.66666666666667,Fitbit/RunKeeper Health Graph;Fitbit/Withings
Cloud Elements,2013/2015,3.8461538461538463,Dropbox/Box;Dropbox/Amazon S3;Box/Amazon S3
MultCloud,2013/2015,33.333333333333336,Dropbox/Google Drive;Dropbox/Box;Dropbox/Amazon S3;Google Drive/Box;Box/Amazon S3
ArgenCities,2013/2015,66.66666666666667,Google Maps/Google Maps Places;Google Maps/Panoramio
Feedly iOS,2013/2015,14.285714285714286,Facebook/Twitter;Facebook/Google Plus;Twitter/Google Plus
Feedly Android,2013/2015,14.285714285714286,Twitter/Facebook;Twitter/Google Plus;Facebook/Google Plus
Songs Near Me,2013/2015,100.0,SoundCloud/YouTube
Linda,2013/2015,10.0,YouTube/Bing
EasyWeather - The Weather Engine,2013/2015,0.0,
Reviewing.net,2013/2015,16.666666666666668,Google Maps/Yelp Fusion
Egypt Forecast,2013/2015,30.0,World Weather Online/Google Maps;Google Maps/Google Chart;Google Maps/Panoramio
SOPA and PIPA Standings,2013/2015,0.0,
SOPA and PIPA Standings,2013/2015,0.0,
Nooblast,2013/2015,10.0,Flickr/Twitter
imagegallery,2013/2015,0.0,
KPI watchdog,2013/2015,20.0,Facebook/Google Analytics Managment;Google Analytics Managment/Google AdSense
conTEXT,2013/2015,21.428571428571427,Facebook/Twitter;Facebook/LinkedIn;Facebook/Google Plus;Twitter/LinkedIn;Twitter/Google Plus;LinkedIn/Google Plus
eSignature Gateway,2013/2015,0.0,
Bandtrace,2013/2015,0.0,
BitcoinIndexes,2013/2015,33.333333333333336,Mt Gox/BitStamp HTTP
NJSaltFish.com,2013/2015,33.333333333333336,Google Maps/Google Fusion Tables;Google Maps/World Weather Online
etrigg.com,2013/2015,1.5151515151515151,Last.fm/Facebook
Arab World Weather,2013/2015,30.0,World Weather Online/Google Maps;Google Maps/Google Chart;Google Maps/Panoramio
Canvas prints,2013/2015,0.0,
playmap.jp,2013/2015,42.857142857142854,Flickr/Google Maps;Flickr/Facebook;Flickr/Twitter;Flickr/Foursquare;Google Maps/Facebook;Google Maps/Twitter;Google Maps/Panoramio;Google Maps/Foursquare;Google Maps/Instagram Graph;Facebook/Twitter;Facebook/Foursquare;Twitter/Foursquare
EDU Libs,2013/2015,0.0,
Bitdango Market Search,2013/2015,16.666666666666668,Mt Gox/BitStamp HTTP
WatchNext,2013/2015,0.0,
Soundcry,2013/2015,19.047619047619047,YouTube/Last.fm;YouTube/Facebook;YouTube/SoundCloud;Last.fm/Facebook
Psykoo,2013/2015,10.0,YouTube/Bing
Geo Location Atlas,2013/2015,30.0,Flickr/Twitter;Flickr/Foursquare;Twitter/Foursquare
Sentiment-Evaluation,2013/2015,0.0,
Online Booking Software,2013/2015,0.0,
eDigiCash Shopping Cart,2013/2015,0.0,
Rpido,2013/2015,50.0,Facebook/Twitter;Facebook/Foursquare;Facebook/Google Plus;Twitter/Foursquare;Twitter/Google Plus
youbeQ - Maps with Life,2013/2015,20.0,Google Maps/Google Earth;Google Maps/Google Geocoding
Rate Tour Guides,2013/2015,0.0,
coderbits,2013/2015,0.5263157894736842,Twitter/LinkedIn
Sound Shelter - An electronic music discovery engine,2013/2015,0.0,
Lofty deals,2013/2015,10.714285714285714,Google Maps/Google AdSense;Google Maps/Google Geocoding;Google AdSense/Google Analytics Managment
PropertyWala.com,2013/2015,10.256410256410257,Google Maps/YouTube;Google Maps/Twitter;Google Maps/Google Earth;Google Maps/Google Geocoding;YouTube/Twitter;YouTube/Bing;Twitter/Google Analytics Managment;Twitter/Google Plus
H7N9 avian flu distribution and updates,2013/2015,10.0,Google Maps/Twitter
iFiles,2013/2015,7.6923076923076925,Flickr/Facebook;Box/Amazon S3;Box/Dropbox;Box/Google Drive;Amazon S3/Dropbox;Dropbox/Google Drive
Seesu,2013/2015,20.0,YouTube/Last.fm;YouTube/SoundCloud
CityStrides,2013/2015,5.454545454545454,Google Maps/Facebook;Facebook/Fitbit;Fitbit/RunKeeper Health Graph
World Citizen News,2013/2015,0.0,
vplan.com/search,2013/2015,0.0,
iabol,2013/2015,0.0,
ShareMetric Chrome Extension,2013/2015,42.857142857142854,Facebook/Twitter;Facebook/LinkedIn;Facebook/Google Plus;Facebook/Pinterest Domain;Twitter/LinkedIn;Twitter/Google Plus;Twitter/Pinterest Domain;LinkedIn/Google Plus;LinkedIn/Pinterest Domain
buylar,2013/2015,0.0,
Cheap Places to Live,2013/2015,13.333333333333334,Google Maps/YouTube;Google Maps/Expedia
Photohab,2013/2015,40.0,Google Maps/Facebook;Google Maps/Twitter;Last.fm/Facebook;Facebook/Twitter
The Global Map of Musicians,2013/2015,36.111111111111114,Google Maps/Facebook;Google Maps/Twitter;Facebook/Twitter;Facebook/LinkedIn;Facebook/Google Analytics Managment;Facebook/Google Plus;Facebook/Pinterest Domain;Twitter/LinkedIn;Twitter/Google Analytics Managment;Twitter/Google Plus;Twitter/Pinterest Domain;LinkedIn/Google Plus;LinkedIn/Pinterest Domain
Hvper,2015/2017,0.0,
Jazva,2015/2017,0.0,
eSync Dashboard,2015/2017,0.0,
Dynamic Insights,2015/2017,0.0,
Dog Pedigrees Online,2015/2017,0.0,
Christmas List App,2015/2017,4.761904761904762,Facebook/Twitter
BetterHome,2015/2017,0.0,
VeganHunter,2015/2017,10.0,Google Maps/Facebook
ecomdash,2015/2017,6.666666666666667,Amazon Product Advertising/Etsy
AltFolio - Altcoin Portfolio Tracker,2015/2017,0.0,
1dollarthings.com,2015/2017,20.0,Amazon Product Advertising/Etsy;Walmart Open/Best Buy Products
Shimmer,2015/2017,0.0,
SportCentral,2015/2017,3.5714285714285716,Google Maps/Facebook
Open Data Companion (ODC),2015/2017,0.0,
AyeDeals,2015/2017,20.0,Amazon Product Advertising/Etsy;Walmart Open/Best Buy Products
Online Basketball Camp,2015/2017,10.0,Facebook/Twitter
Soccer Shots,2015/2017,10.0,Facebook/Twitter
Slick Deals Price Tracker,2015/2017,0.0,
FollowFly,2015/2017,6.666666666666667,Twitter/Facebook
Rainbow Data Sync - iSmart Solutions,2015/2017,0.0,
Expin.me,2015/2017,0.0,
UsersThink,2015/2017,0.0,
Zilyo Vacation Rental,2015/2017,0.0,
